consultant,designation,bookings_closed,total_revenue,avg_deal_size,enquiries_handled,conversion_rate
Varun Kumar,Manager,45,8105336197.0,2272312.0,123,36.59
Anjali Agarwal,Sales Executive,41,6650672616.0,2162820.0,123,33.33
Ashish Mehta,Sales Consultant,41,6557737437.0,2479296.0,115,35.65
Jyoti Kumar,Sales Executive,39,6393776771.0,2223922.0,115,33.91
Anil Tiwari,Sales Consultant,37,6094933996.0,2344205.0,104,35.58
Divya Rao,Sales Executive,41,5705990876.0,2446823.0,106,38.68
Pooja Bansal,Senior Consultant,35,4501343423.0,2252925.0,111,31.53
Anjali Choudhary,Sales Consultant,32,4027670338.0,2352611.0,107,29.91
Shweta Saxena,Senior Consultant,31,3438056698.0,2106652.0,96,32.29
