item_id,ro_id,item_type,item_name,quantity,unit_price,total_price,technician_id,created_at
1,1,Labour,Denting Labour,1,3032.7,3032.7,15,2026-06-16
2,1,Part,Bumper,2,909.81,1819.62,14,2026-06-16
3,1,Consumable,Paint & Polish,2,909.81,1819.62,17,2026-06-16
4,1,Part,Fender,1,1213.08,1213.08,16,2026-06-16
5,1,Part,Headlight Assembly,2,606.54,1213.08,14,2026-06-16
6,3,Part,Clutch Plate,3,580.9,1742.7,16,2026-06-16
7,3,Labour,Repair Labour,1,2323.6,2323.6,16,2026-06-16
8,3,Labour,Diagnostic Labour,1,2323.6,2323.6,17,2026-06-16
9,3,Part,Brake Pads,1,2323.6,2323.6,14,2026-06-16
10,3,Part,Battery,1,1742.7,1742.7,17,2026-06-16
11,4,Part,Oil Filter,1,1110.64,1110.64,16,2026-06-16
12,4,Part,Spark Plugs,2,888.51,1777.02,17,2026-06-16
13,4,Consumable,Grease & Lubricants,2,1332.77,2665.54,15,2026-06-16
14,4,Consumable,Brake Fluid,3,370.21,1110.63,15,2026-06-16
15,5,Part,Oil Filter,1,553.28,553.28,15,2026-06-16
16,5,Labour,Washing & Polishing,1,1106.56,1106.56,15,2026-06-16
17,5,Part,Cabin Filter,1,553.28,553.28,17,2026-06-16
18,5,Oil,Engine Oil 5W-30,2,829.92,1659.84,14,2026-06-16
19,6,Part,Cabin Filter,3,34.54,103.62,17,2026-06-16
20,6,Consumable,Coolant,3,34.54,103.62,16,2026-06-16
21,6,Consumable,Brake Fluid,3,34.54,103.62,14,2026-06-16
22,6,Oil,Engine Oil 5W-30,3,103.62,310.86,14,2026-06-16
23,6,Part,Oil Filter,1,103.62,103.62,17,2026-06-16
24,6,Labour,Washing & Polishing,1,207.25,207.25,17,2026-06-16
25,8,Part,Warranty Part Replacement,2,4613.33,9226.66,17,2026-06-16
26,8,Consumable,Sealants & Gaskets,3,2196.82,6590.46,14,2026-06-16
27,8,Labour,Warranty Labour,1,10544.74,10544.74,14,2026-06-16
28,9,Labour,Diagnostic Labour,1,3942.21,3942.21,15,2026-06-16
29,9,Part,Brake Pads,2,1971.11,3942.22,15,2026-06-16
30,9,Consumable,Wiring & Connectors,2,985.55,1971.1,17,2026-06-16
31,9,Part,Battery,1,2956.66,2956.66,15,2026-06-16
32,9,Labour,Repair Labour,1,3942.21,3942.21,16,2026-06-16
33,10,Part,Oil Filter,2,350.07,700.14,14,2026-06-16
34,10,Labour,Washing & Polishing,1,1400.3,1400.3,15,2026-06-16
35,10,Oil,Engine Oil 5W-30,2,1050.22,2100.44,17,2026-06-16
36,10,Consumable,Coolant,2,350.07,700.14,14,2026-06-16
37,11,Oil,Engine Oil 5W-30,3,315.95,947.85,14,2026-06-16
38,11,Labour,Washing & Polishing,1,631.89,631.89,15,2026-06-16
39,11,Part,Oil Filter,3,105.32,315.96,16,2026-06-16
40,11,Part,Air Filter,3,105.32,315.96,17,2026-06-16
41,11,Consumable,Brake Fluid,3,105.32,315.96,16,2026-06-16
42,12,Part,Oil Filter,2,183.55,367.1,15,2026-06-16
43,12,Labour,Washing & Polishing,1,734.2,734.2,16,2026-06-16
44,12,Consumable,Coolant,3,122.37,367.11,17,2026-06-16
45,12,Part,Cabin Filter,2,183.55,367.1,14,2026-06-16
46,12,Consumable,Grease & Lubricants,1,881.04,881.04,15,2026-06-16
47,13,Consumable,Brake Fluid,3,467.37,1402.11,14,2026-06-16
48,13,Labour,General Service Labour,1,8412.66,8412.66,17,2026-06-16
49,13,Part,Cabin Filter,1,1402.11,1402.11,16,2026-06-16
50,13,Consumable,Coolant,1,1402.11,1402.11,14,2026-06-16
51,13,Part,Spark Plugs,2,1121.69,2243.38,14,2026-06-16
52,13,Part,Oil Filter,2,701.06,1402.12,16,2026-06-16
53,15,Consumable,Wiring & Connectors,1,232.13,232.13,17,2026-06-16
54,15,Labour,Diagnostic Labour,1,464.26,464.26,15,2026-06-16
55,15,Labour,Repair Labour,1,464.26,464.26,17,2026-06-16
56,15,Part,Battery,3,116.07,348.21,15,2026-06-16
57,17,Oil,Engine Oil 5W-30,3,186.76,560.28,16,2026-06-16
58,17,Consumable,Brake Fluid,3,62.25,186.75,17,2026-06-16
59,17,Consumable,Coolant,3,62.25,186.75,17,2026-06-16
60,17,Labour,General Service Labour,1,1120.58,1120.58,16,2026-06-16
61,17,Part,Air Filter,1,186.76,186.76,15,2026-06-16
62,17,Part,Spark Plugs,1,298.82,298.82,15,2026-06-16
63,18,Part,Air Filter,2,499.4,998.8,16,2026-06-16
64,18,Part,Spark Plugs,3,532.7,1598.1,15,2026-06-16
65,18,Oil,Engine Oil 5W-30,3,998.81,2996.43,14,2026-06-16
66,18,Consumable,Grease & Lubricants,1,2397.14,2397.14,15,2026-06-16
67,18,Consumable,Coolant,1,998.81,998.81,15,2026-06-16
68,18,Part,Cabin Filter,3,332.94,998.82,16,2026-06-16
69,19,Part,Oil Filter,2,59.61,119.22,17,2026-06-16
70,19,Consumable,Coolant,2,59.61,119.22,14,2026-06-16
71,19,Part,Air Filter,1,119.22,119.22,17,2026-06-16
72,21,Part,Spark Plugs,2,880.25,1760.5,15,2026-06-16
73,21,Consumable,Coolant,2,550.16,1100.32,15,2026-06-16
74,21,Consumable,Brake Fluid,2,550.16,1100.32,14,2026-06-16
75,21,Part,Air Filter,2,550.16,1100.32,14,2026-06-16
76,22,Labour,Diagnostic Labour,1,4527.23,4527.23,16,2026-06-16
77,22,Part,Brake Pads,2,2263.62,4527.24,14,2026-06-16
78,22,Part,Clutch Plate,3,1131.81,3395.43,16,2026-06-16
79,22,Labour,Repair Labour,1,4527.23,4527.23,16,2026-06-16
80,22,Consumable,Wiring & Connectors,1,2263.62,2263.62,17,2026-06-16
81,22,Part,Battery,2,1697.71,3395.42,16,2026-06-16
82,23,Consumable,Grease & Lubricants,2,1169.36,2338.72,16,2026-06-16
83,23,Consumable,Brake Fluid,1,974.47,974.47,16,2026-06-16
84,23,Labour,General Service Labour,1,5846.8,5846.8,17,2026-06-16
85,23,Labour,Washing & Polishing,1,1948.93,1948.93,15,2026-06-16
86,23,Consumable,Coolant,1,974.47,974.47,17,2026-06-16
87,23,Part,Spark Plugs,3,519.72,1559.16,15,2026-06-16
88,25,Part,Warranty Part Replacement,1,3605.52,3605.52,16,2026-06-16
89,25,Consumable,Sealants & Gaskets,3,858.46,2575.38,14,2026-06-16
90,25,Labour,Warranty Labour,1,4120.6,4120.6,17,2026-06-16
91,26,Part,Spark Plugs,2,846.14,1692.28,16,2026-06-16
92,26,Labour,General Service Labour,1,6346.07,6346.07,14,2026-06-16
93,26,Part,Cabin Filter,2,528.84,1057.68,17,2026-06-16
94,28,Labour,General Service Labour,1,6115.78,6115.78,16,2026-06-16
95,28,Oil,Engine Oil 5W-30,3,1019.3,3057.9,14,2026-06-16
96,28,Consumable,Grease & Lubricants,3,815.44,2446.32,17,2026-06-16
97,28,Consumable,Coolant,2,509.65,1019.3,16,2026-06-16
98,29,Oil,Engine Oil 5W-30,3,658.78,1976.34,17,2026-06-16
99,29,Part,Cabin Filter,2,329.39,658.78,17,2026-06-16
100,29,Part,Spark Plugs,3,351.35,1054.05,14,2026-06-16
101,29,Part,Oil Filter,1,658.78,658.78,16,2026-06-16
102,32,Consumable,Grease & Lubricants,3,133.43,400.29,16,2026-06-16
103,32,Consumable,Brake Fluid,2,83.39,166.78,16,2026-06-16
104,32,Oil,Engine Oil 5W-30,2,250.18,500.36,16,2026-06-16
105,32,Part,Spark Plugs,3,88.95,266.85,16,2026-06-16
106,32,Part,Air Filter,3,55.6,166.8,17,2026-06-16
107,32,Part,Cabin Filter,1,166.79,166.79,16,2026-06-16
108,33,Part,Battery,2,919.82,1839.64,16,2026-06-16
109,33,Labour,Repair Labour,1,2452.85,2452.85,14,2026-06-16
110,33,Consumable,Wiring & Connectors,3,408.81,1226.43,17,2026-06-16
111,37,Labour,Washing & Polishing,1,555.08,555.08,16,2026-06-16
112,37,Oil,Engine Oil 5W-30,1,832.61,832.61,14,2026-06-16
113,37,Labour,General Service Labour,1,1665.23,1665.23,17,2026-06-16
114,37,Part,Cabin Filter,2,138.77,277.54,14,2026-06-16
115,37,Consumable,Coolant,3,92.51,277.53,15,2026-06-16
116,37,Consumable,Brake Fluid,2,138.77,277.54,16,2026-06-16
117,40,Part,Brake Pads,2,252.04,504.08,17,2026-06-16
118,40,Consumable,Wiring & Connectors,3,84.02,252.06,17,2026-06-16
119,40,Part,Clutch Plate,2,189.03,378.06,14,2026-06-16
120,42,Consumable,Grease & Lubricants,1,1441.41,1441.41,16,2026-06-16
121,42,Consumable,Coolant,2,300.29,600.58,16,2026-06-16
122,42,Part,Air Filter,3,200.2,600.6,15,2026-06-16
123,42,Consumable,Brake Fluid,3,200.2,600.6,15,2026-06-16
124,42,Labour,General Service Labour,1,3603.52,3603.52,17,2026-06-16
125,43,Consumable,Brake Fluid,2,452.7,905.4,16,2026-06-16
126,43,Part,Air Filter,3,301.8,905.4,14,2026-06-16
127,43,Labour,General Service Labour,1,5432.39,5432.39,14,2026-06-16
128,44,Part,Headlight Assembly,1,779.56,779.56,14,2026-06-16
129,44,Consumable,Paint & Polish,3,389.78,1169.34,14,2026-06-16
130,44,Labour,Denting Labour,1,1948.9,1948.9,15,2026-06-16
131,44,Part,Bumper,2,584.67,1169.34,16,2026-06-16
132,44,Part,Fender,2,389.78,779.56,15,2026-06-16
133,44,Labour,Painting Labour,1,1948.9,1948.9,15,2026-06-16
134,45,Part,Air Filter,3,351.16,1053.48,14,2026-06-16
135,45,Part,Spark Plugs,1,1685.55,1685.55,16,2026-06-16
136,45,Part,Cabin Filter,1,1053.47,1053.47,15,2026-06-16
137,45,Labour,Washing & Polishing,1,2106.93,2106.93,15,2026-06-16
138,45,Consumable,Grease & Lubricants,3,842.77,2528.31,17,2026-06-16
139,49,Consumable,Coolant,2,557.24,1114.48,17,2026-06-16
140,49,Consumable,Brake Fluid,3,371.5,1114.5,17,2026-06-16
141,49,Part,Oil Filter,3,371.5,1114.5,15,2026-06-16
142,49,Labour,General Service Labour,1,6686.93,6686.93,14,2026-06-16
143,49,Consumable,Grease & Lubricants,3,891.59,2674.77,15,2026-06-16
144,49,Part,Spark Plugs,1,1783.18,1783.18,15,2026-06-16
145,51,Part,Air Filter,1,637.03,637.03,15,2026-06-16
146,51,Labour,Washing & Polishing,1,1274.07,1274.07,15,2026-06-16
147,51,Consumable,Coolant,2,318.52,637.04,17,2026-06-16
148,53,Consumable,Wiring & Connectors,3,797.81,2393.43,15,2026-06-16
149,53,Part,Brake Pads,3,1595.62,4786.86,15,2026-06-16
150,53,Labour,Repair Labour,1,4786.86,4786.86,17,2026-06-16
151,54,Labour,Washing & Polishing,1,1884.52,1884.52,14,2026-06-16
152,54,Part,Oil Filter,1,942.26,942.26,15,2026-06-16
153,54,Consumable,Grease & Lubricants,2,1130.71,2261.42,14,2026-06-16
154,55,Part,Headlight Assembly,1,1359.23,1359.23,17,2026-06-16
155,55,Labour,Denting Labour,1,3398.07,3398.07,14,2026-06-16
156,55,Consumable,Paint & Polish,2,1019.42,2038.84,17,2026-06-16
157,57,Labour,Repair Labour,1,5250.81,5250.81,15,2026-06-16
158,57,Labour,Diagnostic Labour,1,5250.81,5250.81,16,2026-06-16
159,57,Part,Clutch Plate,2,1969.05,3938.1,17,2026-06-16
160,58,Part,Recall Part Replacement,2,1678.14,3356.28,16,2026-06-16
161,58,Labour,Recall Service Labour,1,5593.81,5593.81,14,2026-06-16
162,58,Consumable,Miscellaneous,3,745.84,2237.52,14,2026-06-16
163,59,Part,Battery,1,611.3,611.3,15,2026-06-16
164,59,Consumable,Wiring & Connectors,3,135.84,407.52,14,2026-06-16
165,59,Labour,Repair Labour,1,815.07,815.07,17,2026-06-16
166,59,Labour,Diagnostic Labour,1,815.07,815.07,14,2026-06-16
167,59,Part,Clutch Plate,3,203.77,611.31,15,2026-06-16
168,59,Part,Brake Pads,1,815.07,815.07,16,2026-06-16
169,61,Part,Fender,2,777.53,1555.06,14,2026-06-16
170,61,Consumable,Paint & Polish,3,777.53,2332.59,15,2026-06-16
171,61,Labour,Painting Labour,1,3887.64,3887.64,15,2026-06-16
172,61,Part,Bumper,2,1166.29,2332.58,16,2026-06-16
173,62,Part,Brake Pads,1,5580.86,5580.86,16,2026-06-16
174,62,Labour,Repair Labour,1,5580.86,5580.86,17,2026-06-16
175,62,Consumable,Wiring & Connectors,3,930.14,2790.42,15,2026-06-16
176,62,Part,Battery,3,1395.21,4185.63,17,2026-06-16
177,62,Labour,Diagnostic Labour,1,5580.86,5580.86,16,2026-06-16
178,63,Labour,Warranty Labour,1,5514.74,5514.74,15,2026-06-16
179,63,Part,Warranty Part Replacement,1,4825.39,4825.39,16,2026-06-16
180,63,Consumable,Sealants & Gaskets,3,1148.9,3446.7,14,2026-06-16
181,64,Consumable,Brake Fluid,2,571.32,1142.64,16,2026-06-16
182,64,Consumable,Grease & Lubricants,2,1371.17,2742.34,14,2026-06-16
183,64,Part,Air Filter,2,571.32,1142.64,17,2026-06-16
184,64,Labour,General Service Labour,1,6855.86,6855.86,17,2026-06-16
185,67,Oil,Engine Oil 5W-30,2,1448.51,2897.02,14,2026-06-16
186,67,Labour,General Service Labour,1,5794.06,5794.06,16,2026-06-16
187,67,Consumable,Grease & Lubricants,3,772.54,2317.62,14,2026-06-16
188,68,Consumable,Wiring & Connectors,1,1115.33,1115.33,14,2026-06-16
189,68,Part,Clutch Plate,3,557.66,1672.98,17,2026-06-16
190,68,Labour,Repair Labour,1,2230.65,2230.65,16,2026-06-16
191,69,Part,Bumper,1,3702.5,3702.5,15,2026-06-16
192,69,Part,Fender,1,2468.33,2468.33,17,2026-06-16
193,69,Labour,Painting Labour,1,6170.83,6170.83,14,2026-06-16
194,69,Labour,Denting Labour,1,6170.83,6170.83,14,2026-06-16
195,69,Part,Headlight Assembly,2,1234.17,2468.34,16,2026-06-16
196,69,Consumable,Paint & Polish,2,1851.25,3702.5,16,2026-06-16
197,70,Part,Air Filter,3,253.82,761.46,15,2026-06-16
198,70,Consumable,Coolant,3,253.82,761.46,15,2026-06-16
199,70,Consumable,Brake Fluid,3,253.82,761.46,17,2026-06-16
200,70,Labour,Washing & Polishing,1,1522.9,1522.9,14,2026-06-16
201,70,Part,Oil Filter,1,761.45,761.45,17,2026-06-16
202,70,Oil,Engine Oil 5W-30,3,761.45,2284.35,15,2026-06-16
203,71,Consumable,Brake Fluid,3,23.67,71.01,14,2026-06-16
204,71,Labour,Washing & Polishing,1,142.03,142.03,14,2026-06-16
205,71,Part,Cabin Filter,3,23.67,71.01,15,2026-06-16
206,73,Part,Cabin Filter,3,229.82,689.46,15,2026-06-16
207,73,Consumable,Grease & Lubricants,3,551.56,1654.68,14,2026-06-16
208,73,Labour,General Service Labour,1,4136.67,4136.67,15,2026-06-16
209,73,Part,Air Filter,2,344.72,689.44,17,2026-06-16
210,74,Labour,Denting Labour,1,432.75,432.75,14,2026-06-16
211,74,Part,Bumper,2,129.83,259.66,17,2026-06-16
212,74,Labour,Painting Labour,1,432.75,432.75,16,2026-06-16
213,75,Labour,Denting Labour,1,4435.49,4435.49,17,2026-06-16
214,75,Part,Fender,2,887.1,1774.2,14,2026-06-16
215,75,Labour,Painting Labour,1,4435.49,4435.49,17,2026-06-16
216,76,Labour,Repair Labour,1,5749.96,5749.96,17,2026-06-16
217,76,Consumable,Wiring & Connectors,2,1437.49,2874.98,14,2026-06-16
218,76,Labour,Diagnostic Labour,1,5749.96,5749.96,17,2026-06-16
219,76,Part,Brake Pads,2,2874.98,5749.96,15,2026-06-16
220,76,Part,Battery,2,2156.24,4312.48,16,2026-06-16
221,78,Labour,Warranty Labour,1,3416.34,3416.34,17,2026-06-16
222,78,Part,Warranty Part Replacement,3,996.43,2989.29,15,2026-06-16
223,78,Consumable,Sealants & Gaskets,2,1067.61,2135.22,16,2026-06-16
224,80,Part,Clutch Plate,2,1197.19,2394.38,14,2026-06-16
225,80,Labour,Repair Labour,1,3192.5,3192.5,16,2026-06-16
226,80,Part,Brake Pads,3,1064.17,3192.51,17,2026-06-16
227,81,Part,Cabin Filter,1,120.11,120.11,17,2026-06-16
228,81,Labour,Washing & Polishing,1,240.22,240.22,16,2026-06-16
229,81,Consumable,Brake Fluid,2,60.05,120.1,15,2026-06-16
230,82,Labour,Diagnostic Labour,1,3892.55,3892.55,14,2026-06-16
231,82,Part,Clutch Plate,1,2919.41,2919.41,16,2026-06-16
232,82,Consumable,Wiring & Connectors,2,973.14,1946.28,17,2026-06-16
233,82,Part,Battery,2,1459.7,2919.4,16,2026-06-16
234,83,Labour,Repair Labour,1,3419.58,3419.58,14,2026-06-16
235,83,Consumable,Wiring & Connectors,1,1709.79,1709.79,17,2026-06-16
236,83,Part,Clutch Plate,3,854.89,2564.67,14,2026-06-16
237,83,Labour,Diagnostic Labour,1,3419.58,3419.58,16,2026-06-16
238,83,Part,Battery,3,854.89,2564.67,14,2026-06-16
239,84,Part,Brake Pads,3,1775.84,5327.52,15,2026-06-16
240,84,Labour,Diagnostic Labour,1,5327.53,5327.53,16,2026-06-16
241,84,Part,Battery,2,1997.82,3995.64,14,2026-06-16
242,84,Part,Clutch Plate,1,3995.65,3995.65,16,2026-06-16
243,84,Consumable,Wiring & Connectors,2,1331.88,2663.76,17,2026-06-16
244,87,Labour,Washing & Polishing,1,2241.91,2241.91,15,2026-06-16
245,87,Consumable,Brake Fluid,3,373.65,1120.95,17,2026-06-16
246,87,Consumable,Coolant,3,373.65,1120.95,14,2026-06-16
247,87,Oil,Engine Oil 5W-30,1,3362.87,3362.87,16,2026-06-16
248,87,Labour,General Service Labour,1,6725.74,6725.74,15,2026-06-16
249,87,Part,Cabin Filter,2,560.48,1120.96,15,2026-06-16
250,88,Consumable,Wiring & Connectors,3,362.03,1086.09,14,2026-06-16
251,88,Part,Battery,1,1629.14,1629.14,15,2026-06-16
252,88,Part,Brake Pads,3,724.06,2172.18,14,2026-06-16
253,88,Labour,Diagnostic Labour,1,2172.19,2172.19,16,2026-06-16
254,88,Labour,Repair Labour,1,2172.19,2172.19,15,2026-06-16
255,89,Labour,Washing & Polishing,1,1488.85,1488.85,15,2026-06-16
256,89,Part,Oil Filter,1,744.42,744.42,14,2026-06-16
257,89,Consumable,Coolant,1,744.42,744.42,15,2026-06-16
258,90,Part,Clutch Plate,3,74.14,222.42,14,2026-06-16
259,90,Labour,Diagnostic Labour,1,296.55,296.55,17,2026-06-16
260,90,Part,Battery,2,111.21,222.42,14,2026-06-16
261,90,Part,Brake Pads,3,98.85,296.55,14,2026-06-16
262,90,Consumable,Wiring & Connectors,3,49.43,148.29,14,2026-06-16
263,91,Labour,General Service Labour,1,6665.17,6665.17,17,2026-06-16
264,91,Part,Oil Filter,1,1110.86,1110.86,15,2026-06-16
265,91,Labour,Washing & Polishing,1,2221.72,2221.72,17,2026-06-16
266,91,Part,Cabin Filter,2,555.43,1110.86,14,2026-06-16
267,91,Part,Spark Plugs,3,592.46,1777.38,14,2026-06-16
268,92,Labour,Painting Labour,1,1426.75,1426.75,16,2026-06-16
269,92,Labour,Denting Labour,1,1426.75,1426.75,16,2026-06-16
270,92,Consumable,Paint & Polish,1,856.05,856.05,16,2026-06-16
271,92,Part,Headlight Assembly,1,570.7,570.7,15,2026-06-16
272,92,Part,Fender,1,570.7,570.7,17,2026-06-16
273,93,Oil,Engine Oil 5W-30,2,527.71,1055.42,17,2026-06-16
274,93,Part,Air Filter,1,351.81,351.81,14,2026-06-16
275,93,Consumable,Grease & Lubricants,1,844.34,844.34,15,2026-06-16
276,94,Labour,Warranty Labour,1,4097.65,4097.65,17,2026-06-16
277,94,Part,Warranty Part Replacement,2,1792.72,3585.44,15,2026-06-16
278,94,Consumable,Sealants & Gaskets,3,853.68,2561.04,15,2026-06-16
279,95,Consumable,Wiring & Connectors,3,401.78,1205.34,16,2026-06-16
280,95,Labour,Repair Labour,1,2410.66,2410.66,16,2026-06-16
281,95,Labour,Diagnostic Labour,1,2410.66,2410.66,17,2026-06-16
282,96,Oil,Engine Oil 5W-30,3,239.87,719.61,16,2026-06-16
283,96,Consumable,Grease & Lubricants,3,191.9,575.7,15,2026-06-16
284,96,Part,Spark Plugs,1,383.8,383.8,15,2026-06-16
285,96,Part,Air Filter,3,79.96,239.88,16,2026-06-16
286,96,Consumable,Brake Fluid,2,119.94,239.88,16,2026-06-16
287,97,Part,Brake Pads,3,1705.06,5115.18,15,2026-06-16
288,97,Part,Battery,2,1918.19,3836.38,14,2026-06-16
289,97,Labour,Diagnostic Labour,1,5115.18,5115.18,15,2026-06-16
290,97,Labour,Repair Labour,1,5115.18,5115.18,16,2026-06-16
291,97,Part,Clutch Plate,2,1918.19,3836.38,17,2026-06-16
292,97,Consumable,Wiring & Connectors,1,2557.59,2557.59,15,2026-06-16
293,98,Consumable,Brake Fluid,1,771.21,771.21,17,2026-06-16
294,98,Consumable,Coolant,1,771.21,771.21,15,2026-06-16
295,98,Oil,Engine Oil 5W-30,1,2313.64,2313.64,15,2026-06-16
296,98,Part,Air Filter,2,385.61,771.22,15,2026-06-16
297,99,Labour,Washing & Polishing,1,1153.7,1153.7,14,2026-06-16
298,99,Part,Oil Filter,3,192.28,576.84,16,2026-06-16
299,99,Consumable,Coolant,3,192.28,576.84,16,2026-06-16
300,99,Consumable,Grease & Lubricants,1,1384.44,1384.44,14,2026-06-16
301,99,Labour,General Service Labour,1,3461.1,3461.1,16,2026-06-16
302,101,Consumable,Wiring & Connectors,2,455.24,910.48,15,2026-06-16
303,101,Part,Brake Pads,2,910.48,1820.96,15,2026-06-16
304,101,Labour,Repair Labour,1,1820.96,1820.96,16,2026-06-16
305,101,Part,Battery,3,455.24,1365.72,14,2026-06-16
306,101,Part,Clutch Plate,3,455.24,1365.72,15,2026-06-16
307,101,Labour,Diagnostic Labour,1,1820.96,1820.96,17,2026-06-16
308,105,Consumable,Grease & Lubricants,3,80.15,240.45,16,2026-06-16
309,105,Consumable,Brake Fluid,1,100.19,100.19,15,2026-06-16
310,105,Consumable,Coolant,1,100.19,100.19,17,2026-06-16
311,105,Part,Cabin Filter,3,33.4,100.2,14,2026-06-16
312,106,Labour,Warranty Labour,1,9130.89,9130.89,14,2026-06-16
313,106,Consumable,Sealants & Gaskets,1,5706.81,5706.81,14,2026-06-16
314,106,Part,Warranty Part Replacement,3,2663.18,7989.54,15,2026-06-16
315,107,Part,Air Filter,3,267.71,803.13,14,2026-06-16
316,107,Consumable,Coolant,2,401.57,803.14,16,2026-06-16
317,107,Consumable,Brake Fluid,1,803.14,803.14,16,2026-06-16
318,108,Labour,Washing & Polishing,1,1117.85,1117.85,17,2026-06-16
319,108,Labour,General Service Labour,1,3353.56,3353.56,14,2026-06-16
320,108,Part,Cabin Filter,1,558.93,558.93,15,2026-06-16
321,108,Part,Air Filter,3,186.31,558.93,15,2026-06-16
322,108,Consumable,Coolant,2,279.46,558.92,15,2026-06-16
323,108,Part,Spark Plugs,3,298.09,894.27,15,2026-06-16
324,110,Labour,Diagnostic Labour,1,3508.21,3508.21,17,2026-06-16
325,110,Labour,Repair Labour,1,3508.21,3508.21,16,2026-06-16
326,110,Part,Clutch Plate,3,877.05,2631.15,15,2026-06-16
327,110,Part,Battery,3,877.05,2631.15,15,2026-06-16
328,110,Consumable,Wiring & Connectors,1,1754.11,1754.11,14,2026-06-16
329,110,Part,Brake Pads,3,1169.4,3508.2,16,2026-06-16
330,111,Consumable,Brake Fluid,2,200.49,400.98,17,2026-06-16
331,111,Labour,General Service Labour,1,2405.83,2405.83,16,2026-06-16
332,111,Consumable,Grease & Lubricants,1,962.33,962.33,14,2026-06-16
333,111,Part,Air Filter,1,400.97,400.97,16,2026-06-16
334,112,Labour,Washing & Polishing,1,1187.54,1187.54,17,2026-06-16
335,112,Part,Cabin Filter,2,296.88,593.76,14,2026-06-16
336,112,Consumable,Coolant,3,197.92,593.76,14,2026-06-16
337,112,Consumable,Brake Fluid,1,593.77,593.77,16,2026-06-16
338,112,Labour,General Service Labour,1,3562.61,3562.61,14,2026-06-16
339,112,Part,Oil Filter,2,296.88,593.76,17,2026-06-16
340,113,Part,Brake Pads,2,1083.29,2166.58,17,2026-06-16
341,113,Part,Clutch Plate,3,541.64,1624.92,16,2026-06-16
342,113,Labour,Repair Labour,1,2166.58,2166.58,16,2026-06-16
343,114,Labour,Diagnostic Labour,1,3489.47,3489.47,17,2026-06-16
344,114,Labour,Repair Labour,1,3489.47,3489.47,17,2026-06-16
345,114,Part,Clutch Plate,3,872.37,2617.11,15,2026-06-16
346,114,Consumable,Wiring & Connectors,2,872.37,1744.74,15,2026-06-16
347,114,Part,Battery,1,2617.1,2617.1,14,2026-06-16
348,114,Part,Brake Pads,2,1744.73,3489.46,17,2026-06-16
349,115,Part,Clutch Plate,2,747.25,1494.5,16,2026-06-16
350,115,Part,Battery,2,747.25,1494.5,16,2026-06-16
351,115,Consumable,Wiring & Connectors,3,332.11,996.33,16,2026-06-16
352,115,Labour,Repair Labour,1,1992.66,1992.66,17,2026-06-16
353,115,Labour,Diagnostic Labour,1,1992.66,1992.66,16,2026-06-16
354,115,Part,Brake Pads,3,664.22,1992.66,15,2026-06-16
355,116,Part,Cabin Filter,1,1041.76,1041.76,14,2026-06-16
356,116,Oil,Engine Oil 5W-30,2,1562.64,3125.28,15,2026-06-16
357,116,Part,Spark Plugs,3,555.6,1666.8,16,2026-06-16
358,116,Labour,Washing & Polishing,1,2083.52,2083.52,17,2026-06-16
359,116,Consumable,Brake Fluid,3,347.25,1041.75,16,2026-06-16
360,117,Consumable,Brake Fluid,2,136.4,272.8,14,2026-06-16
361,117,Labour,General Service Labour,1,1636.82,1636.82,16,2026-06-16
362,117,Labour,Washing & Polishing,1,545.61,545.61,17,2026-06-16
363,117,Part,Spark Plugs,3,145.49,436.47,17,2026-06-16
364,117,Part,Oil Filter,1,272.8,272.8,17,2026-06-16
365,117,Oil,Engine Oil 5W-30,3,272.8,818.4,14,2026-06-16
366,118,Part,Air Filter,2,542.21,1084.42,16,2026-06-16
367,118,Oil,Engine Oil 5W-30,1,3253.24,3253.24,14,2026-06-16
368,118,Labour,General Service Labour,1,6506.49,6506.49,14,2026-06-16
369,120,Part,Air Filter,1,490.15,490.15,16,2026-06-16
370,120,Consumable,Grease & Lubricants,2,588.18,1176.36,14,2026-06-16
371,120,Part,Oil Filter,1,490.15,490.15,15,2026-06-16
372,120,Labour,General Service Labour,1,2940.91,2940.91,15,2026-06-16
373,120,Part,Cabin Filter,3,163.38,490.14,15,2026-06-16
374,120,Consumable,Coolant,3,163.38,490.14,17,2026-06-16
375,121,Labour,Diagnostic Labour,1,2730.48,2730.48,15,2026-06-16
376,121,Part,Clutch Plate,1,2047.86,2047.86,15,2026-06-16
377,121,Part,Brake Pads,1,2730.48,2730.48,17,2026-06-16
378,121,Consumable,Wiring & Connectors,3,455.08,1365.24,15,2026-06-16
379,122,Labour,Washing & Polishing,1,1033.87,1033.87,14,2026-06-16
380,122,Consumable,Coolant,2,258.47,516.94,16,2026-06-16
381,122,Oil,Engine Oil 5W-30,3,516.94,1550.82,17,2026-06-16
382,122,Labour,General Service Labour,1,3101.61,3101.61,15,2026-06-16
383,122,Part,Oil Filter,3,172.31,516.93,17,2026-06-16
384,124,Part,Oil Filter,3,325.92,977.76,16,2026-06-16
385,124,Labour,Washing & Polishing,1,1955.53,1955.53,16,2026-06-16
386,124,Oil,Engine Oil 5W-30,1,2933.29,2933.29,16,2026-06-16
387,124,Consumable,Grease & Lubricants,1,2346.63,2346.63,15,2026-06-16
388,124,Consumable,Brake Fluid,3,325.92,977.76,17,2026-06-16
389,124,Part,Cabin Filter,3,325.92,977.76,14,2026-06-16
390,125,Labour,Diagnostic Labour,1,2449.71,2449.71,15,2026-06-16
391,125,Part,Battery,3,612.43,1837.29,14,2026-06-16
392,125,Part,Clutch Plate,2,918.64,1837.28,17,2026-06-16
393,125,Part,Brake Pads,1,2449.71,2449.71,15,2026-06-16
394,125,Consumable,Wiring & Connectors,2,612.43,1224.86,14,2026-06-16
395,126,Consumable,Miscellaneous,1,3703.55,3703.55,17,2026-06-16
396,126,Labour,Recall Service Labour,1,9258.86,9258.86,17,2026-06-16
397,126,Part,Recall Part Replacement,3,1851.77,5555.31,16,2026-06-16
398,127,Labour,General Service Labour,1,7770.77,7770.77,14,2026-06-16
399,127,Consumable,Brake Fluid,1,1295.13,1295.13,14,2026-06-16
400,127,Part,Air Filter,1,1295.13,1295.13,16,2026-06-16
401,128,Consumable,Coolant,2,315.88,631.76,16,2026-06-16
402,128,Oil,Engine Oil 5W-30,2,947.65,1895.3,14,2026-06-16
403,128,Part,Spark Plugs,1,1010.83,1010.83,17,2026-06-16
404,133,Consumable,Coolant,2,438.29,876.58,16,2026-06-16
405,133,Oil,Engine Oil 5W-30,2,1314.87,2629.74,16,2026-06-16
406,133,Part,Spark Plugs,3,467.51,1402.53,14,2026-06-16
407,133,Consumable,Grease & Lubricants,2,1051.89,2103.78,16,2026-06-16
408,134,Oil,Engine Oil 5W-30,3,143.65,430.95,16,2026-06-16
409,134,Part,Oil Filter,3,47.88,143.64,16,2026-06-16
410,134,Labour,General Service Labour,1,861.9,861.9,16,2026-06-16
411,134,Consumable,Brake Fluid,1,143.65,143.65,15,2026-06-16
412,134,Consumable,Grease & Lubricants,3,114.92,344.76,17,2026-06-16
413,134,Part,Cabin Filter,2,71.82,143.64,17,2026-06-16
414,135,Part,Spark Plugs,1,1085.29,1085.29,16,2026-06-16
415,135,Labour,Washing & Polishing,1,1356.61,1356.61,17,2026-06-16
416,135,Consumable,Brake Fluid,1,678.3,678.3,15,2026-06-16
417,136,Consumable,Wiring & Connectors,3,425.59,1276.77,14,2026-06-16
418,136,Labour,Diagnostic Labour,1,2553.55,2553.55,16,2026-06-16
419,136,Labour,Repair Labour,1,2553.55,2553.55,14,2026-06-16
420,137,Part,Clutch Plate,2,475.6,951.2,16,2026-06-16
421,137,Labour,Diagnostic Labour,1,1268.26,1268.26,15,2026-06-16
422,137,Labour,Repair Labour,1,1268.26,1268.26,14,2026-06-16
423,137,Part,Battery,2,475.6,951.2,17,2026-06-16
424,137,Part,Brake Pads,3,422.75,1268.25,17,2026-06-16
425,138,Part,Battery,3,722.15,2166.45,15,2026-06-16
426,138,Consumable,Wiring & Connectors,2,722.15,1444.3,17,2026-06-16
427,138,Part,Brake Pads,2,1444.31,2888.62,15,2026-06-16
428,139,Labour,Warranty Labour,1,1620.78,1620.78,17,2026-06-16
429,139,Part,Warranty Part Replacement,1,1418.19,1418.19,14,2026-06-16
430,139,Consumable,Sealants & Gaskets,2,506.5,1013.0,15,2026-06-16
431,140,Part,Air Filter,3,203.58,610.74,14,2026-06-16
432,140,Labour,Washing & Polishing,1,1221.5,1221.5,17,2026-06-16
433,140,Consumable,Coolant,3,203.58,610.74,16,2026-06-16
434,140,Consumable,Grease & Lubricants,2,732.9,1465.8,17,2026-06-16
435,140,Part,Oil Filter,1,610.75,610.75,17,2026-06-16
436,140,Part,Cabin Filter,1,610.75,610.75,15,2026-06-16
437,141,Part,Cabin Filter,2,185.34,370.68,17,2026-06-16
438,141,Consumable,Coolant,3,123.56,370.68,16,2026-06-16
439,141,Labour,General Service Labour,1,2224.1,2224.1,15,2026-06-16
440,141,Labour,Washing & Polishing,1,741.37,741.37,17,2026-06-16
441,141,Oil,Engine Oil 5W-30,3,370.68,1112.04,16,2026-06-16
442,141,Part,Oil Filter,2,185.34,370.68,15,2026-06-16
443,142,Part,Brake Pads,2,2558.16,5116.32,16,2026-06-16
444,142,Part,Clutch Plate,3,1279.08,3837.24,17,2026-06-16
445,142,Labour,Repair Labour,1,5116.32,5116.32,15,2026-06-16
446,142,Part,Battery,3,1279.08,3837.24,14,2026-06-16
447,142,Consumable,Wiring & Connectors,1,2558.16,2558.16,14,2026-06-16
448,142,Labour,Diagnostic Labour,1,5116.32,5116.32,17,2026-06-16
449,145,Consumable,Coolant,2,605.34,1210.68,14,2026-06-16
450,145,Labour,Washing & Polishing,1,2421.34,2421.34,16,2026-06-16
451,145,Part,Cabin Filter,2,605.34,1210.68,17,2026-06-16
452,146,Labour,Diagnostic Labour,1,2519.36,2519.36,15,2026-06-16
453,146,Part,Battery,1,1889.52,1889.52,14,2026-06-16
454,146,Part,Clutch Plate,2,944.76,1889.52,15,2026-06-16
455,146,Consumable,Wiring & Connectors,3,419.89,1259.67,16,2026-06-16
456,147,Labour,Recall Service Labour,1,5165.62,5165.62,17,2026-06-16
457,147,Part,Recall Part Replacement,2,1549.69,3099.38,16,2026-06-16
458,147,Consumable,Miscellaneous,2,1033.12,2066.24,15,2026-06-16
459,148,Consumable,Brake Fluid,2,296.46,592.92,14,2026-06-16
460,148,Oil,Engine Oil 5W-30,3,592.91,1778.73,15,2026-06-16
461,148,Part,Air Filter,2,296.46,592.92,16,2026-06-16
462,148,Labour,Washing & Polishing,1,1185.83,1185.83,17,2026-06-16
463,149,Part,Brake Pads,1,2097.04,2097.04,15,2026-06-16
464,149,Labour,Repair Labour,1,2097.04,2097.04,17,2026-06-16
465,149,Part,Battery,1,1572.78,1572.78,16,2026-06-16
466,149,Consumable,Wiring & Connectors,3,349.51,1048.53,17,2026-06-16
467,149,Labour,Diagnostic Labour,1,2097.04,2097.04,17,2026-06-16
468,149,Part,Clutch Plate,1,1572.78,1572.78,17,2026-06-16
469,153,Part,Spark Plugs,3,445.69,1337.07,17,2026-06-16
470,153,Part,Cabin Filter,2,417.84,835.68,14,2026-06-16
471,153,Consumable,Brake Fluid,3,278.56,835.68,15,2026-06-16
472,153,Consumable,Grease & Lubricants,1,2005.61,2005.61,14,2026-06-16
473,154,Consumable,Grease & Lubricants,2,236.92,473.84,14,2026-06-16
474,154,Oil,Engine Oil 5W-30,2,296.15,592.3,14,2026-06-16
475,154,Part,Air Filter,1,197.43,197.43,17,2026-06-16
476,154,Consumable,Coolant,1,197.43,197.43,16,2026-06-16
477,154,Labour,Washing & Polishing,1,394.86,394.86,14,2026-06-16
478,155,Part,Brake Pads,3,1247.98,3743.94,15,2026-06-16
479,155,Consumable,Wiring & Connectors,1,1871.98,1871.98,17,2026-06-16
480,155,Labour,Diagnostic Labour,1,3743.95,3743.95,17,2026-06-16
481,156,Part,Spark Plugs,1,1008.53,1008.53,16,2026-06-16
482,156,Part,Cabin Filter,2,315.17,630.34,14,2026-06-16
483,156,Consumable,Grease & Lubricants,2,756.4,1512.8,14,2026-06-16
484,156,Labour,General Service Labour,1,3781.99,3781.99,14,2026-06-16
485,156,Labour,Washing & Polishing,1,1260.66,1260.66,14,2026-06-16
486,156,Consumable,Coolant,3,210.11,630.33,14,2026-06-16
487,157,Labour,Repair Labour,1,1754.94,1754.94,15,2026-06-16
488,157,Part,Battery,3,438.74,1316.22,17,2026-06-16
489,157,Part,Clutch Plate,2,658.1,1316.2,17,2026-06-16
490,157,Labour,Diagnostic Labour,1,1754.94,1754.94,15,2026-06-16
491,157,Part,Brake Pads,3,584.98,1754.94,15,2026-06-16
492,158,Part,Cabin Filter,1,329.74,329.74,16,2026-06-16
493,158,Part,Air Filter,2,164.87,329.74,16,2026-06-16
494,158,Consumable,Coolant,1,329.74,329.74,16,2026-06-16
495,158,Labour,Washing & Polishing,1,659.48,659.48,17,2026-06-16
496,158,Labour,General Service Labour,1,1978.42,1978.42,15,2026-06-16
497,158,Part,Spark Plugs,2,263.79,527.58,14,2026-06-16
498,159,Part,Spark Plugs,2,749.62,1499.24,14,2026-06-16
499,159,Part,Oil Filter,3,312.34,937.02,17,2026-06-16
500,159,Oil,Engine Oil 5W-30,3,937.03,2811.09,17,2026-06-16
501,160,Part,Brake Pads,2,2050.44,4100.88,16,2026-06-16
502,160,Labour,Diagnostic Labour,1,4100.89,4100.89,17,2026-06-16
503,160,Consumable,Wiring & Connectors,2,1025.22,2050.44,15,2026-06-16
504,161,Consumable,Coolant,3,117.41,352.23,17,2026-06-16
505,161,Part,Air Filter,2,176.12,352.24,14,2026-06-16
506,161,Part,Oil Filter,3,117.41,352.23,17,2026-06-16
507,163,Labour,Repair Labour,1,1335.16,1335.16,15,2026-06-16
508,163,Part,Brake Pads,3,445.05,1335.15,17,2026-06-16
509,163,Labour,Diagnostic Labour,1,1335.16,1335.16,17,2026-06-16
510,164,Part,Spark Plugs,2,85.46,170.92,17,2026-06-16
511,164,Consumable,Grease & Lubricants,1,256.38,256.38,14,2026-06-16
512,164,Part,Air Filter,1,106.82,106.82,14,2026-06-16
513,166,Oil,Engine Oil 5W-30,2,1974.33,3948.66,16,2026-06-16
514,166,Part,Air Filter,1,1316.22,1316.22,15,2026-06-16
515,166,Consumable,Brake Fluid,1,1316.22,1316.22,14,2026-06-16
516,166,Labour,Washing & Polishing,1,2632.45,2632.45,15,2026-06-16
517,167,Consumable,Grease & Lubricants,3,744.24,2232.72,15,2026-06-16
518,167,Labour,Washing & Polishing,1,1860.61,1860.61,16,2026-06-16
519,167,Oil,Engine Oil 5W-30,3,930.3,2790.9,15,2026-06-16
520,167,Part,Air Filter,2,465.15,930.3,15,2026-06-16
521,167,Consumable,Brake Fluid,1,930.3,930.3,14,2026-06-16
522,167,Part,Oil Filter,1,930.3,930.3,14,2026-06-16
523,168,Consumable,Brake Fluid,3,257.52,772.56,16,2026-06-16
524,168,Part,Air Filter,2,386.29,772.58,17,2026-06-16
525,168,Labour,Washing & Polishing,1,1545.15,1545.15,15,2026-06-16
526,169,Labour,Washing & Polishing,1,1137.19,1137.19,17,2026-06-16
527,169,Part,Spark Plugs,3,303.25,909.75,17,2026-06-16
528,169,Oil,Engine Oil 5W-30,2,852.89,1705.78,16,2026-06-16
529,169,Part,Cabin Filter,2,284.3,568.6,16,2026-06-16
530,169,Consumable,Brake Fluid,3,189.53,568.59,14,2026-06-16
531,170,Part,Warranty Part Replacement,2,2430.57,4861.14,16,2026-06-16
532,170,Labour,Warranty Labour,1,5555.59,5555.59,14,2026-06-16
533,170,Consumable,Sealants & Gaskets,3,1157.41,3472.23,17,2026-06-16
534,171,Part,Clutch Plate,3,179.65,538.95,15,2026-06-16
535,171,Part,Brake Pads,1,718.61,718.61,16,2026-06-16
536,171,Labour,Diagnostic Labour,1,718.61,718.61,15,2026-06-16
537,171,Labour,Repair Labour,1,718.61,718.61,16,2026-06-16
538,171,Part,Battery,3,179.65,538.95,16,2026-06-16
539,171,Consumable,Wiring & Connectors,3,119.77,359.31,15,2026-06-16
540,173,Oil,Engine Oil 5W-30,3,1234.65,3703.95,17,2026-06-16
541,173,Consumable,Grease & Lubricants,1,2963.16,2963.16,16,2026-06-16
542,173,Labour,General Service Labour,1,7407.9,7407.9,15,2026-06-16
543,173,Labour,Washing & Polishing,1,2469.3,2469.3,16,2026-06-16
544,175,Consumable,Brake Fluid,3,343.22,1029.66,17,2026-06-16
545,175,Consumable,Grease & Lubricants,2,1235.61,2471.22,15,2026-06-16
546,175,Part,Air Filter,3,343.22,1029.66,14,2026-06-16
547,176,Consumable,Grease & Lubricants,3,953.67,2861.01,14,2026-06-16
548,176,Labour,Washing & Polishing,1,2384.18,2384.18,14,2026-06-16
549,176,Part,Cabin Filter,3,397.36,1192.08,16,2026-06-16
550,178,Part,Air Filter,1,1018.48,1018.48,17,2026-06-16
551,178,Part,Cabin Filter,3,339.49,1018.47,15,2026-06-16
552,178,Oil,Engine Oil 5W-30,2,1527.72,3055.44,14,2026-06-16
553,180,Part,Battery,1,1098.71,1098.71,15,2026-06-16
554,180,Part,Brake Pads,2,732.47,1464.94,17,2026-06-16
555,180,Labour,Repair Labour,1,1464.95,1464.95,17,2026-06-16
556,181,Consumable,Wiring & Connectors,3,394.58,1183.74,17,2026-06-16
557,181,Part,Battery,1,1775.61,1775.61,17,2026-06-16
558,181,Part,Clutch Plate,3,591.87,1775.61,14,2026-06-16
559,181,Labour,Repair Labour,1,2367.48,2367.48,16,2026-06-16
560,184,Consumable,Sealants & Gaskets,3,2202.16,6606.48,14,2026-06-16
561,184,Labour,Warranty Labour,1,10570.38,10570.38,14,2026-06-16
562,184,Part,Warranty Part Replacement,2,4624.54,9249.08,17,2026-06-16
563,185,Part,Air Filter,3,153.41,460.23,14,2026-06-16
564,185,Consumable,Coolant,1,460.23,460.23,14,2026-06-16
565,185,Labour,Washing & Polishing,1,920.47,920.47,15,2026-06-16
566,187,Part,Spark Plugs,2,498.33,996.66,15,2026-06-16
567,187,Part,Air Filter,2,311.46,622.92,15,2026-06-16
568,187,Consumable,Coolant,3,207.64,622.92,17,2026-06-16
569,187,Consumable,Brake Fluid,1,622.91,622.91,17,2026-06-16
570,187,Part,Cabin Filter,3,207.64,622.92,14,2026-06-16
571,187,Part,Oil Filter,1,622.91,622.91,17,2026-06-16
572,188,Part,Clutch Plate,3,835.15,2505.45,15,2026-06-16
573,188,Labour,Diagnostic Labour,1,3340.59,3340.59,15,2026-06-16
574,188,Labour,Repair Labour,1,3340.59,3340.59,15,2026-06-16
575,189,Part,Bumper,3,532.83,1598.49,17,2026-06-16
576,189,Labour,Painting Labour,1,2664.16,2664.16,15,2026-06-16
577,189,Consumable,Paint & Polish,1,1598.49,1598.49,17,2026-06-16
578,189,Part,Fender,3,355.22,1065.66,14,2026-06-16
579,189,Labour,Denting Labour,1,2664.16,2664.16,14,2026-06-16
580,190,Part,Bumper,1,1592.87,1592.87,16,2026-06-16
581,190,Consumable,Paint & Polish,1,1592.87,1592.87,16,2026-06-16
582,190,Part,Fender,1,1061.91,1061.91,14,2026-06-16
583,190,Labour,Denting Labour,1,2654.78,2654.78,14,2026-06-16
584,191,Consumable,Miscellaneous,2,1312.74,2625.48,16,2026-06-16
585,191,Labour,Recall Service Labour,1,6563.7,6563.7,15,2026-06-16
586,191,Part,Recall Part Replacement,1,3938.22,3938.22,16,2026-06-16
587,192,Consumable,Grease & Lubricants,1,253.67,253.67,17,2026-06-16
588,192,Part,Spark Plugs,1,169.11,169.11,16,2026-06-16
589,192,Oil,Engine Oil 5W-30,2,158.54,317.08,16,2026-06-16
590,192,Part,Oil Filter,1,105.69,105.69,15,2026-06-16
591,192,Consumable,Coolant,1,105.69,105.69,15,2026-06-16
592,193,Labour,General Service Labour,1,5159.45,5159.45,16,2026-06-16
593,193,Part,Oil Filter,2,429.95,859.9,16,2026-06-16
594,193,Consumable,Brake Fluid,3,286.64,859.92,15,2026-06-16
595,193,Consumable,Coolant,1,859.91,859.91,17,2026-06-16
596,195,Part,Battery,1,3501.31,3501.31,15,2026-06-16
597,195,Part,Clutch Plate,2,1750.66,3501.32,17,2026-06-16
598,195,Labour,Repair Labour,1,4668.41,4668.41,17,2026-06-16
599,195,Labour,Diagnostic Labour,1,4668.41,4668.41,17,2026-06-16
600,195,Part,Brake Pads,1,4668.41,4668.41,16,2026-06-16
601,195,Consumable,Wiring & Connectors,3,778.07,2334.21,14,2026-06-16
602,197,Labour,Painting Labour,1,4064.37,4064.37,14,2026-06-16
603,197,Part,Fender,2,812.87,1625.74,16,2026-06-16
604,197,Labour,Denting Labour,1,4064.37,4064.37,16,2026-06-16
605,198,Part,Spark Plugs,3,314.62,943.86,16,2026-06-16
606,198,Consumable,Brake Fluid,3,196.64,589.92,15,2026-06-16
607,198,Part,Oil Filter,3,196.64,589.92,14,2026-06-16
608,198,Consumable,Grease & Lubricants,2,707.89,1415.78,17,2026-06-16
609,198,Part,Cabin Filter,2,294.96,589.92,17,2026-06-16
610,200,Part,Headlight Assembly,2,1155.68,2311.36,16,2026-06-16
611,200,Part,Fender,3,770.45,2311.35,17,2026-06-16
612,200,Labour,Painting Labour,1,5778.4,5778.4,16,2026-06-16
613,200,Consumable,Paint & Polish,1,3467.04,3467.04,17,2026-06-16
614,200,Part,Bumper,2,1733.52,3467.04,16,2026-06-16
615,201,Consumable,Grease & Lubricants,3,381.97,1145.91,14,2026-06-16
616,201,Labour,General Service Labour,1,2864.81,2864.81,16,2026-06-16
617,201,Consumable,Coolant,3,159.16,477.48,15,2026-06-16
618,201,Oil,Engine Oil 5W-30,1,1432.41,1432.41,15,2026-06-16
619,201,Part,Cabin Filter,2,238.73,477.46,17,2026-06-16
620,201,Part,Air Filter,1,477.47,477.47,14,2026-06-16
621,202,Part,Spark Plugs,3,537.34,1612.02,16,2026-06-16
622,202,Consumable,Coolant,1,1007.52,1007.52,15,2026-06-16
623,202,Consumable,Grease & Lubricants,2,1209.02,2418.04,17,2026-06-16
624,202,Oil,Engine Oil 5W-30,3,1007.52,3022.56,14,2026-06-16
625,202,Labour,Washing & Polishing,1,2015.04,2015.04,14,2026-06-16
626,202,Part,Cabin Filter,1,1007.52,1007.52,17,2026-06-16
627,203,Part,Battery,3,893.99,2681.97,14,2026-06-16
628,203,Labour,Diagnostic Labour,1,3575.97,3575.97,16,2026-06-16
629,203,Part,Brake Pads,1,3575.97,3575.97,16,2026-06-16
630,203,Labour,Repair Labour,1,3575.97,3575.97,15,2026-06-16
631,203,Consumable,Wiring & Connectors,2,893.99,1787.98,17,2026-06-16
632,203,Part,Clutch Plate,3,893.99,2681.97,16,2026-06-16
633,205,Labour,Warranty Labour,1,10391.33,10391.33,16,2026-06-16
634,205,Consumable,Sealants & Gaskets,1,6494.58,6494.58,15,2026-06-16
635,205,Part,Warranty Part Replacement,1,9092.42,9092.42,16,2026-06-16
636,206,Consumable,Wiring & Connectors,3,470.17,1410.51,15,2026-06-16
637,206,Part,Brake Pads,1,2821.03,2821.03,15,2026-06-16
638,206,Labour,Repair Labour,1,2821.03,2821.03,15,2026-06-16
639,207,Part,Battery,1,1550.92,1550.92,14,2026-06-16
640,207,Part,Brake Pads,1,2067.89,2067.89,17,2026-06-16
641,207,Part,Clutch Plate,3,516.97,1550.91,17,2026-06-16
642,207,Labour,Repair Labour,1,2067.89,2067.89,17,2026-06-16
643,207,Labour,Diagnostic Labour,1,2067.89,2067.89,17,2026-06-16
644,208,Part,Warranty Part Replacement,1,6095.51,6095.51,15,2026-06-16
645,208,Labour,Warranty Labour,1,6966.3,6966.3,17,2026-06-16
646,208,Consumable,Sealants & Gaskets,1,4353.94,4353.94,15,2026-06-16
647,209,Part,Cabin Filter,1,641.35,641.35,17,2026-06-16
648,209,Consumable,Brake Fluid,2,320.68,641.36,17,2026-06-16
649,209,Labour,Washing & Polishing,1,1282.7,1282.7,17,2026-06-16
650,209,Oil,Engine Oil 5W-30,2,962.03,1924.06,17,2026-06-16
651,210,Labour,Painting Labour,1,1122.01,1122.01,14,2026-06-16
652,210,Part,Fender,1,448.8,448.8,17,2026-06-16
653,210,Part,Headlight Assembly,1,448.8,448.8,15,2026-06-16
654,210,Consumable,Paint & Polish,3,224.4,673.2,16,2026-06-16
655,210,Part,Bumper,3,224.4,673.2,16,2026-06-16
656,211,Labour,Repair Labour,1,4780.7,4780.7,14,2026-06-16
657,211,Part,Brake Pads,1,4780.7,4780.7,17,2026-06-16
658,211,Labour,Diagnostic Labour,1,4780.7,4780.7,16,2026-06-16
659,211,Part,Battery,3,1195.17,3585.51,15,2026-06-16
660,211,Consumable,Wiring & Connectors,2,1195.17,2390.34,14,2026-06-16
661,211,Part,Clutch Plate,3,1195.17,3585.51,15,2026-06-16
662,212,Consumable,Grease & Lubricants,2,1080.26,2160.52,14,2026-06-16
663,212,Labour,General Service Labour,1,5401.31,5401.31,16,2026-06-16
664,212,Part,Oil Filter,1,900.22,900.22,15,2026-06-16
665,212,Part,Cabin Filter,2,450.11,900.22,17,2026-06-16
666,212,Consumable,Brake Fluid,3,300.07,900.21,16,2026-06-16
667,212,Part,Spark Plugs,3,480.12,1440.36,14,2026-06-16
668,213,Labour,Washing & Polishing,1,186.34,186.34,17,2026-06-16
669,213,Consumable,Grease & Lubricants,3,74.54,223.62,15,2026-06-16
670,213,Part,Spark Plugs,2,74.54,149.08,14,2026-06-16
671,213,Consumable,Coolant,3,31.06,93.18,17,2026-06-16
672,214,Oil,Engine Oil 5W-30,1,2596.8,2596.8,17,2026-06-16
673,214,Part,Spark Plugs,3,461.65,1384.95,15,2026-06-16
674,214,Part,Cabin Filter,3,288.53,865.59,14,2026-06-16
675,215,Part,Spark Plugs,1,2256.29,2256.29,17,2026-06-16
676,215,Part,Cabin Filter,1,1410.18,1410.18,15,2026-06-16
677,215,Labour,General Service Labour,1,8461.1,8461.1,15,2026-06-16
678,216,Consumable,Wiring & Connectors,2,825.73,1651.46,17,2026-06-16
679,216,Part,Brake Pads,3,1100.98,3302.94,15,2026-06-16
680,216,Part,Clutch Plate,1,2477.2,2477.2,14,2026-06-16
681,216,Labour,Repair Labour,1,3302.93,3302.93,17,2026-06-16
682,216,Labour,Diagnostic Labour,1,3302.93,3302.93,14,2026-06-16
683,217,Consumable,Sealants & Gaskets,1,988.09,988.09,16,2026-06-16
684,217,Part,Warranty Part Replacement,2,691.66,1383.32,16,2026-06-16
685,217,Labour,Warranty Labour,1,1580.95,1580.95,14,2026-06-16
686,218,Part,Air Filter,1,810.96,810.96,15,2026-06-16
687,218,Consumable,Grease & Lubricants,1,1946.3,1946.3,16,2026-06-16
688,218,Consumable,Coolant,3,270.32,810.96,15,2026-06-16
689,218,Labour,Washing & Polishing,1,1621.92,1621.92,14,2026-06-16
690,218,Consumable,Brake Fluid,1,810.96,810.96,14,2026-06-16
691,219,Part,Clutch Plate,1,2354.49,2354.49,17,2026-06-16
692,219,Labour,Diagnostic Labour,1,3139.32,3139.32,16,2026-06-16
693,219,Consumable,Wiring & Connectors,1,1569.66,1569.66,14,2026-06-16
694,221,Oil,Engine Oil 5W-30,1,3907.13,3907.13,16,2026-06-16
695,221,Part,Cabin Filter,1,1302.38,1302.38,14,2026-06-16
696,221,Part,Spark Plugs,1,2083.8,2083.8,14,2026-06-16
697,221,Part,Oil Filter,3,434.13,1302.39,14,2026-06-16
698,223,Part,Oil Filter,3,228.66,685.98,14,2026-06-16
699,223,Part,Cabin Filter,1,685.98,685.98,15,2026-06-16
700,223,Labour,General Service Labour,1,4115.89,4115.89,15,2026-06-16
701,224,Labour,Washing & Polishing,1,534.58,534.58,14,2026-06-16
702,224,Consumable,Coolant,3,89.1,267.3,15,2026-06-16
703,224,Labour,General Service Labour,1,1603.73,1603.73,16,2026-06-16
704,225,Labour,General Service Labour,1,1764.33,1764.33,17,2026-06-16
705,225,Part,Cabin Filter,2,147.03,294.06,15,2026-06-16
706,225,Part,Air Filter,1,294.05,294.05,15,2026-06-16
707,226,Part,Clutch Plate,2,334.83,669.66,15,2026-06-16
708,226,Part,Brake Pads,3,297.63,892.89,15,2026-06-16
709,226,Consumable,Wiring & Connectors,1,446.44,446.44,15,2026-06-16
710,226,Labour,Diagnostic Labour,1,892.89,892.89,15,2026-06-16
711,226,Labour,Repair Labour,1,892.89,892.89,16,2026-06-16
712,227,Labour,Washing & Polishing,1,1261.86,1261.86,15,2026-06-16
713,227,Part,Spark Plugs,1,1009.49,1009.49,15,2026-06-16
714,227,Oil,Engine Oil 5W-30,2,946.4,1892.8,14,2026-06-16
715,231,Part,Brake Pads,3,398.34,1195.02,16,2026-06-16
716,231,Labour,Diagnostic Labour,1,1195.03,1195.03,14,2026-06-16
717,231,Part,Battery,1,896.27,896.27,15,2026-06-16
718,231,Labour,Repair Labour,1,1195.03,1195.03,16,2026-06-16
719,232,Labour,Repair Labour,1,3574.56,3574.56,16,2026-06-16
720,232,Part,Brake Pads,3,1191.52,3574.56,17,2026-06-16
721,232,Consumable,Wiring & Connectors,1,1787.28,1787.28,15,2026-06-16
722,233,Labour,Washing & Polishing,1,2628.17,2628.17,16,2026-06-16
723,233,Consumable,Coolant,3,438.03,1314.09,17,2026-06-16
724,233,Oil,Engine Oil 5W-30,1,3942.26,3942.26,14,2026-06-16
725,233,Consumable,Brake Fluid,3,438.03,1314.09,17,2026-06-16
726,233,Consumable,Grease & Lubricants,3,1051.27,3153.81,14,2026-06-16
727,234,Part,Cabin Filter,3,389.02,1167.06,16,2026-06-16
728,234,Consumable,Grease & Lubricants,1,2800.97,2800.97,14,2026-06-16
729,234,Part,Spark Plugs,2,933.66,1867.32,15,2026-06-16
730,234,Labour,General Service Labour,1,7002.43,7002.43,14,2026-06-16
731,234,Consumable,Coolant,2,583.54,1167.08,17,2026-06-16
732,236,Consumable,Brake Fluid,2,566.6,1133.2,17,2026-06-16
733,236,Consumable,Grease & Lubricants,2,1359.84,2719.68,16,2026-06-16
734,236,Part,Cabin Filter,1,1133.2,1133.2,15,2026-06-16
735,236,Part,Spark Plugs,2,906.56,1813.12,14,2026-06-16
736,236,Part,Oil Filter,2,566.6,1133.2,15,2026-06-16
737,238,Labour,General Service Labour,1,1211.58,1211.58,15,2026-06-16
738,238,Part,Air Filter,2,100.97,201.94,16,2026-06-16
739,238,Consumable,Coolant,1,201.93,201.93,15,2026-06-16
740,238,Consumable,Grease & Lubricants,3,161.54,484.62,17,2026-06-16
741,238,Part,Spark Plugs,2,161.54,323.08,16,2026-06-16
742,239,Part,Battery,1,3073.76,3073.76,17,2026-06-16
743,239,Labour,Diagnostic Labour,1,4098.35,4098.35,14,2026-06-16
744,239,Consumable,Wiring & Connectors,1,2049.17,2049.17,15,2026-06-16
745,239,Labour,Repair Labour,1,4098.35,4098.35,15,2026-06-16
746,239,Part,Brake Pads,2,2049.17,4098.34,17,2026-06-16
747,239,Part,Clutch Plate,2,1536.88,3073.76,14,2026-06-16
748,240,Oil,Engine Oil 5W-30,3,296.75,890.25,16,2026-06-16
749,240,Labour,Washing & Polishing,1,593.5,593.5,17,2026-06-16
750,240,Part,Cabin Filter,2,148.38,296.76,15,2026-06-16
751,240,Consumable,Coolant,2,148.38,296.76,16,2026-06-16
752,240,Part,Air Filter,2,148.38,296.76,14,2026-06-16
753,241,Consumable,Brake Fluid,1,1214.67,1214.67,14,2026-06-16
754,241,Part,Cabin Filter,1,1214.67,1214.67,14,2026-06-16
755,241,Part,Air Filter,1,1214.67,1214.67,15,2026-06-16
756,241,Consumable,Grease & Lubricants,3,971.74,2915.22,15,2026-06-16
757,243,Consumable,Brake Fluid,3,347.66,1042.98,15,2026-06-16
758,243,Consumable,Coolant,2,521.5,1043.0,15,2026-06-16
759,243,Consumable,Grease & Lubricants,1,2503.18,2503.18,15,2026-06-16
760,243,Labour,Washing & Polishing,1,2085.98,2085.98,15,2026-06-16
761,243,Oil,Engine Oil 5W-30,1,3128.97,3128.97,17,2026-06-16
762,244,Labour,Warranty Labour,1,1796.31,1796.31,15,2026-06-16
763,244,Consumable,Sealants & Gaskets,3,374.23,1122.69,16,2026-06-16
764,244,Part,Warranty Part Replacement,2,785.88,1571.76,15,2026-06-16
765,246,Consumable,Coolant,3,264.83,794.49,15,2026-06-16
766,246,Labour,Washing & Polishing,1,1589.0,1589.0,14,2026-06-16
767,246,Oil,Engine Oil 5W-30,3,794.5,2383.5,15,2026-06-16
768,246,Consumable,Grease & Lubricants,2,953.4,1906.8,17,2026-06-16
769,246,Part,Cabin Filter,3,264.83,794.49,17,2026-06-16
770,247,Consumable,Grease & Lubricants,2,1004.05,2008.1,15,2026-06-16
771,247,Part,Spark Plugs,2,669.37,1338.74,15,2026-06-16
772,247,Labour,General Service Labour,1,5020.27,5020.27,14,2026-06-16
773,247,Oil,Engine Oil 5W-30,1,2510.14,2510.14,15,2026-06-16
774,247,Part,Cabin Filter,1,836.71,836.71,14,2026-06-16
775,248,Labour,Washing & Polishing,1,2598.31,2598.31,15,2026-06-16
776,248,Oil,Engine Oil 5W-30,3,1299.16,3897.48,15,2026-06-16
777,248,Part,Cabin Filter,3,433.05,1299.15,15,2026-06-16
778,248,Consumable,Brake Fluid,3,433.05,1299.15,15,2026-06-16
779,248,Consumable,Grease & Lubricants,2,1558.99,3117.98,14,2026-06-16
780,249,Consumable,Coolant,2,398.64,797.28,14,2026-06-16
781,249,Part,Air Filter,1,797.28,797.28,16,2026-06-16
782,249,Part,Spark Plugs,1,1275.65,1275.65,16,2026-06-16
783,249,Consumable,Brake Fluid,3,265.76,797.28,17,2026-06-16
784,249,Oil,Engine Oil 5W-30,1,2391.84,2391.84,14,2026-06-16
785,249,Labour,Washing & Polishing,1,1594.56,1594.56,16,2026-06-16
786,250,Consumable,Coolant,1,361.64,361.64,16,2026-06-16
787,250,Labour,Washing & Polishing,1,723.28,723.28,17,2026-06-16
788,250,Part,Oil Filter,3,120.55,361.65,14,2026-06-16
789,250,Part,Air Filter,2,180.82,361.64,14,2026-06-16
790,250,Oil,Engine Oil 5W-30,1,1084.92,1084.92,15,2026-06-16
791,250,Labour,General Service Labour,1,2169.83,2169.83,15,2026-06-16
792,252,Consumable,Brake Fluid,3,212.73,638.19,17,2026-06-16
793,252,Part,Air Filter,2,319.09,638.18,17,2026-06-16
794,252,Part,Cabin Filter,2,319.09,638.18,16,2026-06-16
795,252,Consumable,Coolant,2,319.09,638.18,17,2026-06-16
796,252,Oil,Engine Oil 5W-30,1,1914.54,1914.54,17,2026-06-16
797,254,Consumable,Wiring & Connectors,2,185.87,371.74,16,2026-06-16
798,254,Labour,Repair Labour,1,743.49,743.49,17,2026-06-16
799,254,Labour,Diagnostic Labour,1,743.49,743.49,14,2026-06-16
800,254,Part,Battery,2,278.81,557.62,16,2026-06-16
801,254,Part,Brake Pads,3,247.83,743.49,14,2026-06-16
802,254,Part,Clutch Plate,3,185.87,557.61,14,2026-06-16
803,256,Part,Spark Plugs,2,831.91,1663.82,14,2026-06-16
804,256,Part,Cabin Filter,3,346.63,1039.89,15,2026-06-16
805,256,Consumable,Coolant,2,519.94,1039.88,17,2026-06-16
806,256,Consumable,Grease & Lubricants,2,1247.86,2495.72,16,2026-06-16
807,257,Labour,General Service Labour,1,1059.87,1059.87,15,2026-06-16
808,257,Part,Air Filter,2,88.32,176.64,17,2026-06-16
809,257,Oil,Engine Oil 5W-30,3,176.65,529.95,16,2026-06-16
810,257,Labour,Washing & Polishing,1,353.29,353.29,16,2026-06-16
811,257,Part,Oil Filter,1,176.65,176.65,17,2026-06-16
812,258,Part,Air Filter,3,389.75,1169.25,17,2026-06-16
813,258,Labour,General Service Labour,1,7015.55,7015.55,16,2026-06-16
814,258,Consumable,Grease & Lubricants,2,1403.11,2806.22,17,2026-06-16
815,259,Part,Spark Plugs,2,808.04,1616.08,17,2026-06-16
816,259,Part,Cabin Filter,1,1010.05,1010.05,17,2026-06-16
817,259,Consumable,Brake Fluid,2,505.03,1010.06,16,2026-06-16
818,259,Consumable,Grease & Lubricants,2,1212.07,2424.14,14,2026-06-16
819,264,Part,Cabin Filter,2,78.66,157.32,16,2026-06-16
820,264,Labour,General Service Labour,1,943.97,943.97,14,2026-06-16
821,264,Consumable,Grease & Lubricants,1,377.59,377.59,14,2026-06-16
822,264,Labour,Washing & Polishing,1,314.66,314.66,16,2026-06-16
823,264,Part,Oil Filter,2,78.66,157.32,15,2026-06-16
824,264,Consumable,Brake Fluid,1,157.33,157.33,14,2026-06-16
825,266,Part,Oil Filter,1,425.03,425.03,15,2026-06-16
826,266,Part,Cabin Filter,1,425.03,425.03,14,2026-06-16
827,266,Oil,Engine Oil 5W-30,2,637.54,1275.08,15,2026-06-16
828,270,Labour,Diagnostic Labour,1,2458.63,2458.63,16,2026-06-16
829,270,Consumable,Wiring & Connectors,2,614.66,1229.32,17,2026-06-16
830,270,Part,Brake Pads,1,2458.63,2458.63,17,2026-06-16
831,270,Labour,Repair Labour,1,2458.63,2458.63,16,2026-06-16
832,270,Part,Clutch Plate,3,614.66,1843.98,14,2026-06-16
833,270,Part,Battery,3,614.66,1843.98,14,2026-06-16
834,272,Part,Bumper,3,90.11,270.33,14,2026-06-16
835,272,Labour,Denting Labour,1,450.57,450.57,17,2026-06-16
836,272,Part,Headlight Assembly,1,180.23,180.23,15,2026-06-16
837,272,Consumable,Paint & Polish,3,90.11,270.33,16,2026-06-16
838,272,Labour,Painting Labour,1,450.57,450.57,14,2026-06-16
839,274,Consumable,Grease & Lubricants,2,990.05,1980.1,15,2026-06-16
840,274,Part,Cabin Filter,2,412.52,825.04,16,2026-06-16
841,274,Part,Air Filter,1,825.04,825.04,16,2026-06-16
842,276,Part,Cabin Filter,3,198.95,596.85,17,2026-06-16
843,276,Consumable,Brake Fluid,2,298.43,596.86,14,2026-06-16
844,276,Consumable,Grease & Lubricants,1,1432.45,1432.45,14,2026-06-16
845,276,Part,Oil Filter,1,596.86,596.86,14,2026-06-16
846,276,Part,Air Filter,2,298.43,596.86,17,2026-06-16
847,276,Oil,Engine Oil 5W-30,3,596.86,1790.58,16,2026-06-16
848,277,Part,Spark Plugs,1,1536.43,1536.43,17,2026-06-16
849,277,Labour,General Service Labour,1,5761.63,5761.63,16,2026-06-16
850,277,Consumable,Grease & Lubricants,2,1152.33,2304.66,15,2026-06-16
851,277,Part,Oil Filter,2,480.14,960.28,16,2026-06-16
852,277,Consumable,Brake Fluid,2,480.14,960.28,14,2026-06-16
853,278,Labour,Diagnostic Labour,1,4747.16,4747.16,15,2026-06-16
854,278,Consumable,Wiring & Connectors,2,1186.79,2373.58,16,2026-06-16
855,278,Part,Brake Pads,3,1582.39,4747.17,16,2026-06-16
856,278,Part,Clutch Plate,2,1780.18,3560.36,15,2026-06-16
857,279,Consumable,Coolant,3,29.82,89.46,16,2026-06-16
858,279,Oil,Engine Oil 5W-30,1,268.4,268.4,14,2026-06-16
859,279,Part,Spark Plugs,1,143.15,143.15,17,2026-06-16
860,279,Labour,General Service Labour,1,536.8,536.8,15,2026-06-16
861,279,Part,Oil Filter,3,29.82,89.46,15,2026-06-16
862,280,Part,Air Filter,1,591.3,591.3,17,2026-06-16
863,280,Consumable,Brake Fluid,1,591.3,591.3,15,2026-06-16
864,280,Consumable,Coolant,2,295.65,591.3,16,2026-06-16
865,280,Part,Oil Filter,3,197.1,591.3,16,2026-06-16
866,280,Consumable,Grease & Lubricants,3,473.04,1419.12,15,2026-06-16
867,280,Labour,General Service Labour,1,3547.77,3547.77,15,2026-06-16
868,282,Part,Brake Pads,3,1646.62,4939.86,16,2026-06-16
869,282,Consumable,Wiring & Connectors,3,823.31,2469.93,15,2026-06-16
870,282,Part,Clutch Plate,3,1234.97,3704.91,17,2026-06-16
871,282,Labour,Diagnostic Labour,1,4939.87,4939.87,14,2026-06-16
872,283,Part,Clutch Plate,3,914.99,2744.97,16,2026-06-16
873,283,Part,Brake Pads,2,1829.99,3659.98,17,2026-06-16
874,283,Labour,Diagnostic Labour,1,3659.98,3659.98,14,2026-06-16
875,283,Labour,Repair Labour,1,3659.98,3659.98,16,2026-06-16
876,283,Part,Battery,3,914.99,2744.97,15,2026-06-16
877,283,Consumable,Wiring & Connectors,3,610.0,1830.0,16,2026-06-16
878,284,Part,Spark Plugs,1,1029.24,1029.24,14,2026-06-16
879,284,Part,Cabin Filter,1,643.28,643.28,16,2026-06-16
880,284,Part,Oil Filter,2,321.64,643.28,14,2026-06-16
881,284,Consumable,Grease & Lubricants,2,771.93,1543.86,14,2026-06-16
882,284,Part,Air Filter,2,321.64,643.28,14,2026-06-16
883,286,Part,Cabin Filter,1,612.01,612.01,14,2026-06-16
884,286,Labour,Washing & Polishing,1,1224.01,1224.01,15,2026-06-16
885,286,Part,Spark Plugs,2,489.6,979.2,17,2026-06-16
886,287,Part,Air Filter,2,70.35,140.7,16,2026-06-16
887,287,Part,Spark Plugs,2,112.56,225.12,16,2026-06-16
888,287,Oil,Engine Oil 5W-30,2,211.06,422.12,15,2026-06-16
889,287,Consumable,Grease & Lubricants,1,337.69,337.69,16,2026-06-16
890,287,Part,Oil Filter,2,70.35,140.7,16,2026-06-16
891,289,Labour,Repair Labour,1,2924.11,2924.11,15,2026-06-16
892,289,Consumable,Wiring & Connectors,1,1462.06,1462.06,16,2026-06-16
893,289,Labour,Diagnostic Labour,1,2924.11,2924.11,15,2026-06-16
894,292,Labour,Repair Labour,1,1561.63,1561.63,15,2026-06-16
895,292,Part,Brake Pads,2,780.82,1561.64,16,2026-06-16
896,292,Consumable,Wiring & Connectors,2,390.41,780.82,17,2026-06-16
897,292,Labour,Diagnostic Labour,1,1561.63,1561.63,16,2026-06-16
898,296,Part,Clutch Plate,2,1580.65,3161.3,17,2026-06-16
899,296,Consumable,Wiring & Connectors,2,1053.77,2107.54,16,2026-06-16
900,296,Labour,Repair Labour,1,4215.07,4215.07,14,2026-06-16
901,296,Labour,Diagnostic Labour,1,4215.07,4215.07,17,2026-06-16
902,296,Part,Brake Pads,1,4215.07,4215.07,14,2026-06-16
903,296,Part,Battery,1,3161.3,3161.3,15,2026-06-16
904,297,Part,Bumper,2,2137.53,4275.06,14,2026-06-16
905,297,Labour,Denting Labour,1,7125.11,7125.11,15,2026-06-16
906,297,Part,Headlight Assembly,1,2850.04,2850.04,15,2026-06-16
907,298,Labour,General Service Labour,1,2763.55,2763.55,14,2026-06-16
908,298,Part,Cabin Filter,3,153.53,460.59,16,2026-06-16
909,298,Consumable,Coolant,1,460.59,460.59,15,2026-06-16
910,298,Part,Spark Plugs,1,736.95,736.95,15,2026-06-16
911,298,Consumable,Grease & Lubricants,2,552.71,1105.42,15,2026-06-16
912,299,Labour,General Service Labour,1,5141.88,5141.88,16,2026-06-16
913,299,Consumable,Coolant,2,428.49,856.98,17,2026-06-16
914,299,Part,Cabin Filter,3,285.66,856.98,17,2026-06-16
915,299,Oil,Engine Oil 5W-30,3,856.98,2570.94,16,2026-06-16
916,299,Part,Air Filter,1,856.98,856.98,17,2026-06-16
917,300,Labour,Washing & Polishing,1,434.16,434.16,17,2026-06-16
918,300,Consumable,Coolant,2,108.54,217.08,15,2026-06-16
919,300,Part,Cabin Filter,3,72.36,217.08,14,2026-06-16
920,301,Labour,Diagnostic Labour,1,1547.21,1547.21,16,2026-06-16
921,301,Part,Clutch Plate,2,580.21,1160.42,17,2026-06-16
922,301,Part,Battery,2,580.21,1160.42,17,2026-06-16
923,302,Part,Cabin Filter,2,448.09,896.18,16,2026-06-16
924,302,Part,Air Filter,3,298.72,896.16,17,2026-06-16
925,302,Part,Spark Plugs,3,477.96,1433.88,16,2026-06-16
926,302,Consumable,Brake Fluid,1,896.17,896.17,15,2026-06-16
927,303,Part,Battery,3,866.73,2600.19,15,2026-06-16
928,303,Labour,Repair Labour,1,3466.91,3466.91,16,2026-06-16
929,303,Part,Clutch Plate,1,2600.18,2600.18,16,2026-06-16
930,303,Consumable,Wiring & Connectors,1,1733.46,1733.46,17,2026-06-16
931,303,Labour,Diagnostic Labour,1,3466.91,3466.91,16,2026-06-16
932,305,Part,Fender,1,1903.91,1903.91,17,2026-06-16
933,305,Part,Bumper,3,951.95,2855.85,17,2026-06-16
934,305,Labour,Painting Labour,1,4759.77,4759.77,14,2026-06-16
935,305,Part,Headlight Assembly,2,951.95,1903.9,17,2026-06-16
936,305,Consumable,Paint & Polish,3,951.95,2855.85,17,2026-06-16
937,305,Labour,Denting Labour,1,4759.77,4759.77,16,2026-06-16
938,307,Consumable,Wiring & Connectors,2,312.09,624.18,16,2026-06-16
939,307,Part,Battery,1,936.28,936.28,16,2026-06-16
940,307,Part,Clutch Plate,2,468.14,936.28,14,2026-06-16
941,307,Part,Brake Pads,3,416.12,1248.36,15,2026-06-16
942,307,Labour,Repair Labour,1,1248.37,1248.37,17,2026-06-16
943,307,Labour,Diagnostic Labour,1,1248.37,1248.37,14,2026-06-16
944,308,Consumable,Sealants & Gaskets,2,1255.81,2511.62,15,2026-06-16
945,308,Part,Warranty Part Replacement,1,3516.27,3516.27,17,2026-06-16
946,308,Labour,Warranty Labour,1,4018.59,4018.59,16,2026-06-16
947,309,Consumable,Coolant,2,169.6,339.2,15,2026-06-16
948,309,Oil,Engine Oil 5W-30,1,1017.61,1017.61,17,2026-06-16
949,309,Consumable,Grease & Lubricants,3,271.36,814.08,14,2026-06-16
950,309,Labour,General Service Labour,1,2035.21,2035.21,17,2026-06-16
951,309,Part,Air Filter,2,169.6,339.2,17,2026-06-16
952,310,Part,Cabin Filter,1,1360.0,1360.0,17,2026-06-16
953,310,Oil,Engine Oil 5W-30,3,1360.0,4080.0,16,2026-06-16
954,310,Part,Air Filter,3,453.33,1359.99,15,2026-06-16
955,310,Labour,Washing & Polishing,1,2720.0,2720.0,17,2026-06-16
956,310,Part,Spark Plugs,1,2176.0,2176.0,16,2026-06-16
957,312,Part,Warranty Part Replacement,2,1582.47,3164.94,17,2026-06-16
958,312,Consumable,Sealants & Gaskets,2,1130.34,2260.68,15,2026-06-16
959,312,Labour,Warranty Labour,1,3617.07,3617.07,17,2026-06-16
960,313,Part,Cabin Filter,2,236.03,472.06,17,2026-06-16
961,313,Consumable,Grease & Lubricants,2,566.47,1132.94,15,2026-06-16
962,313,Part,Oil Filter,3,157.35,472.05,14,2026-06-16
963,315,Part,Air Filter,2,108.08,216.16,17,2026-06-16
964,315,Labour,General Service Labour,1,1297.01,1297.01,16,2026-06-16
965,315,Part,Spark Plugs,1,345.87,345.87,16,2026-06-16
966,315,Labour,Washing & Polishing,1,432.34,432.34,15,2026-06-16
967,315,Consumable,Brake Fluid,1,216.17,216.17,17,2026-06-16
968,316,Part,Battery,1,2402.75,2402.75,16,2026-06-16
969,316,Part,Clutch Plate,2,1201.38,2402.76,14,2026-06-16
970,316,Consumable,Wiring & Connectors,3,533.94,1601.82,17,2026-06-16
971,316,Labour,Diagnostic Labour,1,3203.67,3203.67,14,2026-06-16
972,316,Labour,Repair Labour,1,3203.67,3203.67,16,2026-06-16
973,316,Part,Brake Pads,3,1067.89,3203.67,16,2026-06-16
974,317,Part,Clutch Plate,1,2827.33,2827.33,16,2026-06-16
975,317,Part,Brake Pads,3,1256.59,3769.77,16,2026-06-16
976,317,Part,Battery,2,1413.66,2827.32,14,2026-06-16
977,317,Consumable,Wiring & Connectors,3,628.29,1884.87,15,2026-06-16
978,317,Labour,Diagnostic Labour,1,3769.77,3769.77,14,2026-06-16
979,317,Labour,Repair Labour,1,3769.77,3769.77,17,2026-06-16
980,318,Part,Bumper,1,2670.0,2670.0,14,2026-06-16
981,318,Labour,Denting Labour,1,4450.01,4450.01,17,2026-06-16
982,318,Consumable,Paint & Polish,2,1335.0,2670.0,14,2026-06-16
983,318,Part,Headlight Assembly,2,890.0,1780.0,16,2026-06-16
984,319,Consumable,Sealants & Gaskets,3,1790.12,5370.36,15,2026-06-16
985,319,Labour,Warranty Labour,1,8592.6,8592.6,15,2026-06-16
986,319,Part,Warranty Part Replacement,3,2506.17,7518.51,14,2026-06-16
987,320,Part,Spark Plugs,3,397.7,1193.1,15,2026-06-16
988,320,Labour,General Service Labour,1,4474.16,4474.16,15,2026-06-16
989,320,Consumable,Coolant,3,248.56,745.68,14,2026-06-16
990,321,Part,Cabin Filter,1,1218.65,1218.65,14,2026-06-16
991,321,Consumable,Brake Fluid,2,609.32,1218.64,14,2026-06-16
992,321,Labour,Washing & Polishing,1,2437.29,2437.29,14,2026-06-16
993,321,Oil,Engine Oil 5W-30,2,1827.97,3655.94,15,2026-06-16
994,322,Consumable,Paint & Polish,2,350.58,701.16,16,2026-06-16
995,322,Part,Headlight Assembly,3,155.81,467.43,15,2026-06-16
996,322,Part,Bumper,1,701.16,701.16,17,2026-06-16
997,323,Labour,Diagnostic Labour,1,3212.4,3212.4,17,2026-06-16
998,323,Consumable,Wiring & Connectors,1,1606.2,1606.2,14,2026-06-16
999,323,Part,Battery,2,1204.65,2409.3,16,2026-06-16
1000,325,Labour,Warranty Labour,1,3213.34,3213.34,17,2026-06-16
1001,325,Consumable,Sealants & Gaskets,3,669.45,2008.35,17,2026-06-16
1002,325,Part,Warranty Part Replacement,1,2811.67,2811.67,15,2026-06-16
1003,326,Part,Air Filter,3,94.79,284.37,17,2026-06-16
1004,326,Oil,Engine Oil 5W-30,1,853.08,853.08,16,2026-06-16
1005,326,Labour,General Service Labour,1,1706.17,1706.17,14,2026-06-16
1006,326,Consumable,Brake Fluid,2,142.18,284.36,16,2026-06-16
1007,327,Oil,Engine Oil 5W-30,2,2129.62,4259.24,15,2026-06-16
1008,327,Part,Oil Filter,2,709.87,1419.74,17,2026-06-16
1009,327,Part,Air Filter,1,1419.75,1419.75,14,2026-06-16
1010,329,Labour,Repair Labour,1,2189.55,2189.55,16,2026-06-16
1011,329,Part,Clutch Plate,1,1642.16,1642.16,17,2026-06-16
1012,329,Consumable,Wiring & Connectors,1,1094.77,1094.77,16,2026-06-16
1013,329,Part,Brake Pads,1,2189.55,2189.55,16,2026-06-16
1014,329,Part,Battery,3,547.39,1642.17,14,2026-06-16
1015,330,Consumable,Miscellaneous,2,659.61,1319.22,17,2026-06-16
1016,330,Labour,Recall Service Labour,1,3298.03,3298.03,16,2026-06-16
1017,330,Part,Recall Part Replacement,2,989.41,1978.82,16,2026-06-16
1018,331,Consumable,Grease & Lubricants,3,667.01,2001.03,14,2026-06-16
1019,331,Part,Spark Plugs,1,1334.02,1334.02,14,2026-06-16
1020,331,Part,Cabin Filter,2,416.88,833.76,16,2026-06-16
1021,332,Labour,Repair Labour,1,3796.86,3796.86,16,2026-06-16
1022,332,Labour,Diagnostic Labour,1,3796.86,3796.86,14,2026-06-16
1023,332,Consumable,Wiring & Connectors,1,1898.43,1898.43,15,2026-06-16
1024,332,Part,Clutch Plate,2,1423.82,2847.64,15,2026-06-16
1025,336,Part,Warranty Part Replacement,2,3746.48,7492.96,15,2026-06-16
1026,336,Consumable,Sealants & Gaskets,2,2676.05,5352.1,15,2026-06-16
1027,336,Labour,Warranty Labour,1,8563.38,8563.38,16,2026-06-16
1028,339,Part,Warranty Part Replacement,3,2487.35,7462.05,15,2026-06-16
1029,339,Labour,Warranty Labour,1,8528.04,8528.04,16,2026-06-16
1030,339,Consumable,Sealants & Gaskets,1,5330.03,5330.03,16,2026-06-16
1031,340,Oil,Engine Oil 5W-30,2,774.52,1549.04,16,2026-06-16
1032,340,Part,Spark Plugs,1,826.15,826.15,14,2026-06-16
1033,340,Part,Cabin Filter,2,258.17,516.34,17,2026-06-16
1034,340,Labour,General Service Labour,1,3098.06,3098.06,17,2026-06-16
1035,340,Part,Air Filter,3,172.11,516.33,16,2026-06-16
1036,340,Consumable,Grease & Lubricants,2,619.61,1239.22,15,2026-06-16
1037,342,Part,Oil Filter,1,618.76,618.76,17,2026-06-16
1038,342,Labour,Washing & Polishing,1,1237.52,1237.52,14,2026-06-16
1039,342,Consumable,Brake Fluid,1,618.76,618.76,16,2026-06-16
1040,343,Part,Oil Filter,2,292.36,584.72,15,2026-06-16
1041,343,Part,Cabin Filter,3,194.91,584.73,17,2026-06-16
1042,343,Consumable,Coolant,1,584.73,584.73,14,2026-06-16
1043,343,Oil,Engine Oil 5W-30,1,1754.19,1754.19,15,2026-06-16
1044,343,Labour,General Service Labour,1,3508.37,3508.37,17,2026-06-16
1045,345,Consumable,Coolant,3,168.84,506.52,16,2026-06-16
1046,345,Consumable,Brake Fluid,2,253.26,506.52,16,2026-06-16
1047,345,Part,Spark Plugs,2,405.22,810.44,17,2026-06-16
1048,348,Part,Brake Pads,1,1811.4,1811.4,15,2026-06-16
1049,348,Consumable,Wiring & Connectors,1,905.7,905.7,14,2026-06-16
1050,348,Part,Battery,3,452.85,1358.55,17,2026-06-16
1051,348,Part,Clutch Plate,1,1358.55,1358.55,16,2026-06-16
1052,349,Labour,Painting Labour,1,886.89,886.89,15,2026-06-16
1053,349,Part,Headlight Assembly,3,118.25,354.75,16,2026-06-16
1054,349,Part,Fender,1,354.76,354.76,16,2026-06-16
1055,349,Labour,Denting Labour,1,886.89,886.89,17,2026-06-16
1056,349,Consumable,Paint & Polish,2,266.07,532.14,15,2026-06-16
1057,349,Part,Bumper,1,532.13,532.13,15,2026-06-16
1058,350,Labour,General Service Labour,1,6004.74,6004.74,16,2026-06-16
1059,350,Consumable,Brake Fluid,3,333.6,1000.8,17,2026-06-16
1060,350,Oil,Engine Oil 5W-30,2,1501.18,3002.36,17,2026-06-16
1061,350,Part,Air Filter,1,1000.79,1000.79,16,2026-06-16
1062,350,Consumable,Grease & Lubricants,1,2401.89,2401.89,17,2026-06-16
1063,352,Part,Cabin Filter,3,338.74,1016.22,14,2026-06-16
1064,352,Labour,General Service Labour,1,6097.32,6097.32,17,2026-06-16
1065,352,Oil,Engine Oil 5W-30,1,3048.66,3048.66,17,2026-06-16
1066,352,Consumable,Brake Fluid,2,508.11,1016.22,15,2026-06-16
1067,352,Consumable,Grease & Lubricants,3,812.98,2438.94,17,2026-06-16
1068,352,Labour,Washing & Polishing,1,2032.44,2032.44,16,2026-06-16
1069,353,Labour,Washing & Polishing,1,489.17,489.17,16,2026-06-16
1070,353,Consumable,Coolant,3,81.53,244.59,15,2026-06-16
1071,353,Part,Air Filter,2,122.29,244.58,14,2026-06-16
1072,354,Consumable,Coolant,1,164.53,164.53,14,2026-06-16
1073,354,Labour,Washing & Polishing,1,329.06,329.06,15,2026-06-16
1074,354,Part,Air Filter,2,82.27,164.54,14,2026-06-16
1075,355,Part,Cabin Filter,2,644.88,1289.76,15,2026-06-16
1076,355,Oil,Engine Oil 5W-30,2,1934.63,3869.26,17,2026-06-16
1077,355,Labour,General Service Labour,1,7738.53,7738.53,14,2026-06-16
1078,355,Part,Air Filter,3,429.92,1289.76,15,2026-06-16
1079,355,Consumable,Brake Fluid,1,1289.75,1289.75,17,2026-06-16
1080,356,Labour,Washing & Polishing,1,1155.83,1155.83,16,2026-06-16
1081,356,Part,Oil Filter,3,192.64,577.92,14,2026-06-16
1082,356,Labour,General Service Labour,1,3467.48,3467.48,15,2026-06-16
1083,356,Consumable,Grease & Lubricants,1,1386.99,1386.99,16,2026-06-16
1084,356,Part,Air Filter,1,577.91,577.91,14,2026-06-16
1085,357,Consumable,Grease & Lubricants,2,1013.49,2026.98,14,2026-06-16
1086,357,Part,Air Filter,1,844.58,844.58,16,2026-06-16
1087,357,Part,Spark Plugs,1,1351.32,1351.32,16,2026-06-16
1088,357,Part,Cabin Filter,3,281.53,844.59,17,2026-06-16
1089,357,Part,Oil Filter,1,844.58,844.58,14,2026-06-16
1090,358,Part,Oil Filter,1,641.56,641.56,14,2026-06-16
1091,358,Consumable,Grease & Lubricants,2,769.87,1539.74,15,2026-06-16
1092,358,Oil,Engine Oil 5W-30,3,641.56,1924.68,15,2026-06-16
1093,358,Consumable,Coolant,1,641.56,641.56,16,2026-06-16
1094,358,Part,Cabin Filter,1,641.56,641.56,14,2026-06-16
1095,359,Consumable,Brake Fluid,2,117.96,235.92,15,2026-06-16
1096,359,Part,Air Filter,3,78.64,235.92,15,2026-06-16
1097,359,Consumable,Grease & Lubricants,2,283.1,566.2,14,2026-06-16
1098,359,Part,Oil Filter,2,117.96,235.92,14,2026-06-16
1099,359,Part,Cabin Filter,2,117.96,235.92,14,2026-06-16
1100,360,Labour,Diagnostic Labour,1,2564.38,2564.38,14,2026-06-16
1101,360,Part,Brake Pads,2,1282.19,2564.38,16,2026-06-16
1102,360,Labour,Repair Labour,1,2564.38,2564.38,15,2026-06-16
1103,360,Consumable,Wiring & Connectors,2,641.09,1282.18,16,2026-06-16
1104,360,Part,Clutch Plate,3,641.09,1923.27,14,2026-06-16
1105,360,Part,Battery,2,961.64,1923.28,17,2026-06-16
1106,362,Labour,Repair Labour,1,2584.66,2584.66,17,2026-06-16
1107,362,Part,Clutch Plate,1,1938.49,1938.49,14,2026-06-16
1108,362,Part,Battery,1,1938.49,1938.49,16,2026-06-16
1109,362,Part,Brake Pads,1,2584.66,2584.66,14,2026-06-16
1110,362,Consumable,Wiring & Connectors,2,646.16,1292.32,17,2026-06-16
1111,362,Labour,Diagnostic Labour,1,2584.66,2584.66,17,2026-06-16
1112,363,Labour,Washing & Polishing,1,966.38,966.38,15,2026-06-16
1113,363,Oil,Engine Oil 5W-30,1,1449.57,1449.57,15,2026-06-16
1114,363,Consumable,Coolant,2,241.59,483.18,17,2026-06-16
1115,363,Part,Cabin Filter,2,241.59,483.18,16,2026-06-16
1116,364,Labour,Warranty Labour,1,4046.39,4046.39,16,2026-06-16
1117,364,Consumable,Sealants & Gaskets,1,2528.99,2528.99,15,2026-06-16
1118,364,Part,Warranty Part Replacement,1,3540.59,3540.59,15,2026-06-16
1119,365,Part,Warranty Part Replacement,2,1905.9,3811.8,16,2026-06-16
1120,365,Consumable,Sealants & Gaskets,3,907.57,2722.71,15,2026-06-16
1121,365,Labour,Warranty Labour,1,4356.33,4356.33,16,2026-06-16
1122,366,Consumable,Paint & Polish,1,3874.7,3874.7,17,2026-06-16
1123,366,Part,Bumper,3,1291.57,3874.71,14,2026-06-16
1124,366,Part,Fender,2,1291.57,2583.14,15,2026-06-16
1125,366,Part,Headlight Assembly,2,1291.57,2583.14,16,2026-06-16
1126,367,Part,Spark Plugs,3,559.05,1677.15,17,2026-06-16
1127,367,Labour,General Service Labour,1,6289.28,6289.28,15,2026-06-16
1128,367,Part,Air Filter,2,524.11,1048.22,17,2026-06-16
1129,367,Consumable,Brake Fluid,3,349.4,1048.2,17,2026-06-16
1130,368,Consumable,Miscellaneous,1,329.74,329.74,14,2026-06-16
1131,368,Labour,Recall Service Labour,1,824.36,824.36,14,2026-06-16
1132,368,Part,Recall Part Replacement,1,494.61,494.61,16,2026-06-16
1133,369,Labour,Washing & Polishing,1,1800.5,1800.5,17,2026-06-16
1134,369,Part,Air Filter,2,450.13,900.26,16,2026-06-16
1135,369,Oil,Engine Oil 5W-30,3,900.25,2700.75,17,2026-06-16
1136,369,Consumable,Coolant,1,900.25,900.25,17,2026-06-16
1137,369,Part,Oil Filter,2,450.13,900.26,17,2026-06-16
1138,371,Labour,Diagnostic Labour,1,1544.68,1544.68,17,2026-06-16
1139,371,Part,Brake Pads,1,1544.68,1544.68,15,2026-06-16
1140,371,Labour,Repair Labour,1,1544.68,1544.68,14,2026-06-16
1141,372,Part,Air Filter,3,271.44,814.32,15,2026-06-16
1142,372,Consumable,Grease & Lubricants,1,1954.36,1954.36,15,2026-06-16
1143,372,Oil,Engine Oil 5W-30,2,1221.48,2442.96,16,2026-06-16
1144,373,Part,Warranty Part Replacement,2,2288.42,4576.84,16,2026-06-16
1145,373,Consumable,Sealants & Gaskets,1,3269.17,3269.17,17,2026-06-16
1146,373,Labour,Warranty Labour,1,5230.67,5230.67,15,2026-06-16
1147,375,Consumable,Coolant,1,837.19,837.19,14,2026-06-16
1148,375,Part,Oil Filter,2,418.6,837.2,14,2026-06-16
1149,375,Oil,Engine Oil 5W-30,3,837.19,2511.57,17,2026-06-16
1150,375,Labour,General Service Labour,1,5023.15,5023.15,14,2026-06-16
1151,375,Consumable,Grease & Lubricants,1,2009.26,2009.26,15,2026-06-16
1152,376,Part,Clutch Plate,1,3304.39,3304.39,15,2026-06-16
1153,376,Labour,Repair Labour,1,4405.85,4405.85,14,2026-06-16
1154,376,Consumable,Wiring & Connectors,3,734.31,2202.93,17,2026-06-16
1155,376,Part,Battery,1,3304.39,3304.39,14,2026-06-16
1156,376,Labour,Diagnostic Labour,1,4405.85,4405.85,17,2026-06-16
1157,376,Part,Brake Pads,2,2202.92,4405.84,16,2026-06-16
1158,377,Consumable,Wiring & Connectors,1,1578.19,1578.19,14,2026-06-16
1159,377,Part,Brake Pads,2,1578.19,3156.38,16,2026-06-16
1160,377,Labour,Diagnostic Labour,1,3156.37,3156.37,16,2026-06-16
1161,378,Part,Warranty Part Replacement,1,6659.15,6659.15,14,2026-06-16
1162,378,Labour,Warranty Labour,1,7610.46,7610.46,17,2026-06-16
1163,378,Consumable,Sealants & Gaskets,3,1585.51,4756.53,16,2026-06-16
1164,380,Consumable,Grease & Lubricants,1,1790.89,1790.89,14,2026-06-16
1165,380,Oil,Engine Oil 5W-30,2,1119.31,2238.62,16,2026-06-16
1166,380,Part,Oil Filter,1,746.2,746.2,15,2026-06-16
1167,380,Consumable,Coolant,1,746.2,746.2,15,2026-06-16
1168,380,Part,Spark Plugs,3,397.98,1193.94,14,2026-06-16
1169,381,Part,Brake Pads,2,660.96,1321.92,15,2026-06-16
1170,381,Labour,Repair Labour,1,1321.91,1321.91,17,2026-06-16
1171,381,Consumable,Wiring & Connectors,3,220.32,660.96,17,2026-06-16
1172,381,Part,Battery,1,991.43,991.43,16,2026-06-16
1173,381,Part,Clutch Plate,3,330.48,991.44,15,2026-06-16
1174,381,Labour,Diagnostic Labour,1,1321.91,1321.91,15,2026-06-16
1175,382,Consumable,Coolant,3,388.05,1164.15,16,2026-06-16
1176,382,Part,Air Filter,3,388.05,1164.15,17,2026-06-16
1177,382,Part,Spark Plugs,2,931.32,1862.64,16,2026-06-16
1178,384,Part,Recall Part Replacement,3,863.16,2589.48,17,2026-06-16
1179,384,Consumable,Miscellaneous,3,575.44,1726.32,16,2026-06-16
1180,384,Labour,Recall Service Labour,1,4315.82,4315.82,17,2026-06-16
1181,385,Labour,Repair Labour,1,4168.0,4168.0,17,2026-06-16
1182,385,Part,Battery,2,1563.0,3126.0,17,2026-06-16
1183,385,Part,Clutch Plate,3,1042.0,3126.0,17,2026-06-16
1184,385,Part,Brake Pads,1,4168.0,4168.0,14,2026-06-16
1185,386,Part,Cabin Filter,3,411.09,1233.27,17,2026-06-16
1186,386,Consumable,Coolant,3,411.09,1233.27,14,2026-06-16
1187,386,Labour,General Service Labour,1,7399.63,7399.63,16,2026-06-16
1188,388,Part,Oil Filter,2,317.42,634.84,14,2026-06-16
1189,388,Oil,Engine Oil 5W-30,1,1904.54,1904.54,14,2026-06-16
1190,388,Labour,General Service Labour,1,3809.07,3809.07,14,2026-06-16
1191,388,Labour,Washing & Polishing,1,1269.69,1269.69,17,2026-06-16
1192,388,Part,Cabin Filter,2,317.42,634.84,14,2026-06-16
1193,391,Labour,General Service Labour,1,4217.39,4217.39,14,2026-06-16
1194,391,Part,Air Filter,1,702.9,702.9,14,2026-06-16
1195,391,Consumable,Brake Fluid,1,702.9,702.9,16,2026-06-16
1196,391,Part,Spark Plugs,2,562.32,1124.64,14,2026-06-16
1197,392,Part,Recall Part Replacement,2,2515.83,5031.66,16,2026-06-16
1198,392,Consumable,Miscellaneous,3,1118.15,3354.45,16,2026-06-16
1199,392,Labour,Recall Service Labour,1,8386.1,8386.1,16,2026-06-16
1200,393,Part,Spark Plugs,3,574.91,1724.73,14,2026-06-16
1201,393,Part,Oil Filter,3,359.32,1077.96,17,2026-06-16
1202,393,Consumable,Brake Fluid,3,359.32,1077.96,15,2026-06-16
1203,393,Labour,General Service Labour,1,6467.71,6467.71,15,2026-06-16
1204,393,Oil,Engine Oil 5W-30,1,3233.85,3233.85,17,2026-06-16
1205,394,Consumable,Coolant,2,471.02,942.04,16,2026-06-16
1206,394,Part,Oil Filter,2,471.02,942.04,14,2026-06-16
1207,394,Consumable,Grease & Lubricants,3,753.64,2260.92,16,2026-06-16
1208,394,Part,Spark Plugs,3,502.42,1507.26,14,2026-06-16
1209,394,Labour,Washing & Polishing,1,1884.09,1884.09,15,2026-06-16
1210,395,Part,Oil Filter,2,519.91,1039.82,15,2026-06-16
1211,395,Consumable,Brake Fluid,3,346.61,1039.83,15,2026-06-16
1212,395,Part,Spark Plugs,2,831.86,1663.72,16,2026-06-16
1213,395,Consumable,Grease & Lubricants,3,831.86,2495.58,14,2026-06-16
1214,395,Part,Cabin Filter,1,1039.82,1039.82,17,2026-06-16
1215,395,Consumable,Coolant,1,1039.82,1039.82,17,2026-06-16
1216,396,Oil,Engine Oil 5W-30,1,1189.66,1189.66,17,2026-06-16
1217,396,Labour,Washing & Polishing,1,793.11,793.11,15,2026-06-16
1218,396,Consumable,Grease & Lubricants,3,317.24,951.72,17,2026-06-16
1219,397,Labour,Painting Labour,1,4694.49,4694.49,16,2026-06-16
1220,397,Labour,Denting Labour,1,4694.49,4694.49,16,2026-06-16
1221,397,Consumable,Paint & Polish,1,2816.69,2816.69,15,2026-06-16
1222,398,Consumable,Brake Fluid,2,242.1,484.2,14,2026-06-16
1223,398,Consumable,Grease & Lubricants,2,581.03,1162.06,15,2026-06-16
1224,398,Labour,Washing & Polishing,1,968.38,968.38,16,2026-06-16
1225,398,Part,Spark Plugs,3,258.23,774.69,15,2026-06-16
1226,399,Part,Spark Plugs,2,242.13,484.26,16,2026-06-16
1227,399,Part,Air Filter,2,151.33,302.66,17,2026-06-16
1228,399,Part,Cabin Filter,1,302.67,302.67,16,2026-06-16
1229,399,Consumable,Brake Fluid,3,100.89,302.67,16,2026-06-16
1230,400,Part,Battery,3,672.31,2016.93,15,2026-06-16
1231,400,Labour,Diagnostic Labour,1,2689.23,2689.23,16,2026-06-16
1232,400,Part,Clutch Plate,3,672.31,2016.93,17,2026-06-16
1233,400,Consumable,Wiring & Connectors,3,448.21,1344.63,14,2026-06-16
1234,400,Labour,Repair Labour,1,2689.23,2689.23,14,2026-06-16
1235,400,Part,Brake Pads,3,896.41,2689.23,15,2026-06-16
