ro_id,customer_id,vehicle_id,employee_id,ro_number,ro_date,ro_type,mileage_km,estimated_cost,actual_cost,status,completion_date,customer_feedback_rating,created_at
1,72,54,13,RO-1001,2025-06-11,Body Shop,73956,10347.01,12130.79,Completed,2025-06-11,4.0,2026-06-16
2,128,111,10,RO-1002,2026-03-12,General Repair,72772,3070.23,3247.22,Open,,,2026-06-16
3,107,144,18,RO-1003,2026-01-06,General Repair,2727,11880.13,11617.99,Completed,2026-01-06,4.0,2026-06-16
4,103,74,18,RO-1004,2026-05-13,Scheduled Service,48204,23611.08,22212.8,Completed,2026-05-16,4.0,2026-06-16
5,145,113,16,RO-1005,2026-03-25,Scheduled Service,45201,9680.03,11065.64,Completed,2026-03-28,2.0,2026-06-16
6,43,2,15,RO-1006,2025-05-04,Scheduled Service,48359,2173.06,2072.49,Completed,2025-05-06,4.0,2026-06-16
7,117,199,19,RO-1007,2025-06-27,Scheduled Service,27978,12123.64,14129.03,In Progress,,,2026-06-16
8,274,175,14,RO-1008,2025-03-22,Warranty,149785,22121.6,26361.86,Completed,2025-03-25,4.0,2026-06-16
9,24,59,14,RO-1009,2025-02-05,General Repair,129657,18943.92,19711.06,Completed,2025-02-08,3.0,2026-06-16
10,238,149,14,RO-1010,2025-07-10,Scheduled Service,58520,15111.85,14002.95,Completed,2025-07-10,4.0,2026-06-16
11,49,53,18,RO-1011,2026-02-20,Scheduled Service,105923,6517.47,6318.94,Completed,2026-02-22,5.0,2026-06-16
12,166,155,17,RO-1012,2025-07-03,Scheduled Service,68062,8149.76,7341.99,Completed,2025-07-06,2.0,2026-06-16
13,119,128,14,RO-1013,2026-03-21,Scheduled Service,9142,22861.11,28042.2,Completed,2026-03-21,1.0,2026-06-16
14,254,179,10,RO-1014,2025-04-01,General Repair,146286,24488.89,20885.95,In Progress,,,2026-06-16
15,163,43,10,RO-1015,2025-04-14,General Repair,53797,1864.24,2321.31,Completed,2025-04-14,5.0,2026-06-16
16,105,36,14,RO-1016,2025-10-22,Scheduled Service,87698,17094.6,16431.14,Open,,,2026-06-16
17,32,6,19,RO-1017,2025-11-25,Scheduled Service,50864,3387.2,3735.25,Completed,2025-11-28,3.0,2026-06-16
18,46,140,13,RO-1018,2025-01-22,Scheduled Service,122835,16055.73,19976.17,Completed,2025-01-22,4.0,2026-06-16
19,255,110,14,RO-1019,2025-08-07,Scheduled Service,22408,2309.05,2384.47,Completed,2025-08-09,4.0,2026-06-16
20,233,130,10,RO-1020,2025-05-20,General Repair,145986,15680.91,19466.07,Open,,,2026-06-16
21,212,119,18,RO-1021,2025-06-29,Scheduled Service,148260,19692.33,22006.33,Completed,2025-06-30,2.0,2026-06-16
22,270,89,19,RO-1022,2025-02-26,General Repair,70269,24366.22,22636.15,Completed,2025-02-28,5.0,2026-06-16
23,128,118,14,RO-1023,2026-05-28,Scheduled Service,55782,20150.38,19489.32,Completed,2026-05-29,4.0,2026-06-16
24,26,35,19,RO-1024,2025-08-31,Scheduled Service,31541,5013.14,4266.36,Open,,,2026-06-16
25,231,60,18,RO-1025,2025-03-04,Warranty,20622,11788.3,10301.49,Completed,2025-03-07,3.0,2026-06-16
26,53,44,12,RO-1026,2025-06-28,Scheduled Service,55607,18805.94,21153.56,Completed,2025-07-01,4.0,2026-06-16
27,133,110,15,RO-1027,2025-08-27,Scheduled Service,24897,23224.72,22683.82,In Progress,,,2026-06-16
28,232,92,10,RO-1028,2026-05-18,Scheduled Service,95793,21668.54,20385.93,Completed,2026-05-18,5.0,2026-06-16
29,2,121,16,RO-1029,2025-05-13,Scheduled Service,48139,14743.3,13175.64,Completed,2025-05-14,4.0,2026-06-16
30,225,150,13,RO-1030,2025-08-11,General Repair,101790,19342.14,17581.09,Open,,,2026-06-16
31,242,65,12,RO-1031,2025-04-19,Scheduled Service,94311,10259.99,12809.36,In Progress,,,2026-06-16
32,143,90,17,RO-1032,2026-03-21,Scheduled Service,77108,3861.07,3335.79,Completed,2026-03-24,5.0,2026-06-16
33,230,152,13,RO-1033,2026-03-14,General Repair,107709,13379.98,12264.27,Completed,2026-03-14,3.0,2026-06-16
34,225,93,16,RO-1034,2026-04-24,General Repair,139231,14313.63,17285.1,Open,,,2026-06-16
35,167,12,11,RO-1035,2025-09-05,General Repair,29648,16423.98,15215.78,In Progress,,,2026-06-16
36,166,65,14,RO-1036,2025-12-16,Scheduled Service,138761,7084.84,6130.95,Open,,,2026-06-16
37,135,140,15,RO-1037,2025-10-22,Scheduled Service,131966,5746.95,5550.76,Completed,2025-10-25,4.0,2026-06-16
38,43,103,11,RO-1038,2026-05-11,Scheduled Service,26036,17418.19,15423.96,In Progress,,,2026-06-16
39,17,26,10,RO-1039,2025-02-16,Scheduled Service,3092,11737.7,14119.71,In Progress,,,2026-06-16
40,285,10,11,RO-1040,2025-01-01,General Repair,96870,2845.24,2520.45,Completed,2025-01-04,3.0,2026-06-16
41,56,180,10,RO-1041,2025-02-09,General Repair,36613,4957.32,4551.7,Open,,,2026-06-16
42,169,105,16,RO-1042,2025-10-01,Scheduled Service,100946,13827.18,12011.73,Completed,2025-10-04,4.0,2026-06-16
43,251,24,12,RO-1043,2025-01-05,Scheduled Service,31443,18826.88,18107.96,Completed,2025-01-05,5.0,2026-06-16
44,130,39,16,RO-1044,2025-12-01,Body Shop,42843,7080.75,7795.62,Completed,2025-12-04,4.0,2026-06-16
45,103,85,12,RO-1045,2025-11-24,Scheduled Service,116294,21679.89,21069.35,Completed,2025-11-27,4.0,2026-06-16
46,292,173,15,RO-1046,2025-12-12,General Repair,58200,12185.71,11720.73,Open,,,2026-06-16
47,24,126,10,RO-1047,2025-10-04,Scheduled Service,86102,7056.5,7526.64,In Progress,,,2026-06-16
48,61,195,19,RO-1048,2025-11-16,General Repair,147763,9340.71,11079.08,Cancelled,,,2026-06-16
49,284,177,15,RO-1049,2026-02-08,Scheduled Service,2508,20799.27,22289.75,Completed,2026-02-08,2.0,2026-06-16
50,251,68,15,RO-1050,2025-07-25,Scheduled Service,67332,8991.23,10086.3,In Progress,,,2026-06-16
51,118,112,19,RO-1051,2026-03-28,Scheduled Service,35059,11579.99,12740.67,Completed,2026-03-30,5.0,2026-06-16
52,65,22,12,RO-1052,2025-07-07,Scheduled Service,94062,2439.22,2883.08,Open,,,2026-06-16
53,178,126,17,RO-1053,2025-10-06,General Repair,82711,23567.46,23934.32,Completed,2025-10-07,1.0,2026-06-16
54,198,46,18,RO-1054,2025-01-16,Scheduled Service,100360,20926.32,18845.21,Completed,2025-01-16,2.0,2026-06-16
55,254,186,16,RO-1055,2025-11-14,Body Shop,93393,13890.98,13592.26,Completed,2025-11-16,4.0,2026-06-16
56,130,96,13,RO-1056,2026-05-11,Scheduled Service,119625,9101.89,8733.97,In Progress,,,2026-06-16
57,216,96,12,RO-1057,2025-10-13,General Repair,27138,21388.25,26254.06,Completed,2025-10-15,5.0,2026-06-16
58,21,114,15,RO-1058,2026-02-09,Recall,16237,12413.11,11187.63,Completed,2026-02-09,4.0,2026-06-16
59,43,47,15,RO-1059,2026-05-13,General Repair,8972,4670.65,4075.33,Completed,2026-05-15,4.0,2026-06-16
60,22,30,10,RO-1060,2025-02-03,Scheduled Service,133374,8544.32,8261.03,In Progress,,,2026-06-16
61,144,73,10,RO-1061,2025-03-12,Body Shop,147577,12468.16,15550.56,Completed,2025-03-12,3.0,2026-06-16
62,33,32,14,RO-1062,2026-05-21,General Repair,24163,23285.29,27904.29,Completed,2026-05-22,5.0,2026-06-16
63,263,129,11,RO-1063,2025-11-11,Warranty,62485,13424.5,13786.84,Completed,2025-11-12,5.0,2026-06-16
64,219,38,18,RO-1064,2026-06-06,Scheduled Service,79698,23628.36,22852.86,Completed,2026-06-08,5.0,2026-06-16
65,262,134,13,RO-1065,2025-01-13,Scheduled Service,136912,21867.79,22730.87,Cancelled,,,2026-06-16
66,42,1,19,RO-1066,2025-01-04,Scheduled Service,75897,23405.21,21651.15,In Progress,,,2026-06-16
67,8,9,15,RO-1067,2026-04-13,Scheduled Service,85841,21656.65,19313.53,Completed,2026-04-15,2.0,2026-06-16
68,73,87,16,RO-1068,2026-02-14,General Repair,60655,10184.84,11153.25,Completed,2026-02-16,5.0,2026-06-16
69,238,169,13,RO-1069,2026-04-03,Body Shop,84488,23845.5,24683.31,Completed,2026-04-03,5.0,2026-06-16
70,249,121,18,RO-1070,2025-05-30,Scheduled Service,38594,15935.91,15229.04,Completed,2025-05-30,5.0,2026-06-16
71,220,140,13,RO-1071,2025-11-28,Scheduled Service,56517,1629.14,1420.3,Completed,2025-12-01,5.0,2026-06-16
72,230,65,16,RO-1072,2025-05-13,Scheduled Service,16110,21281.61,20035.03,In Progress,,,2026-06-16
73,192,166,19,RO-1073,2025-11-03,Scheduled Service,3179,11627.06,13788.91,Completed,2025-11-04,5.0,2026-06-16
74,297,149,12,RO-1074,2025-05-24,Body Shop,46201,1904.83,1731.01,Completed,2025-05-26,5.0,2026-06-16
75,142,162,16,RO-1075,2025-04-19,Body Shop,91742,18524.4,17741.97,Completed,2025-04-22,4.0,2026-06-16
76,295,131,10,RO-1076,2025-05-23,General Repair,71945,24094.57,28749.81,Completed,2025-05-25,5.0,2026-06-16
77,135,184,16,RO-1077,2025-09-12,Body Shop,100295,6922.91,7961.49,Cancelled,,,2026-06-16
78,213,55,12,RO-1078,2025-10-01,Warranty,18067,9553.52,8540.86,Completed,2025-10-01,5.0,2026-06-16
79,239,130,10,RO-1079,2025-06-01,Scheduled Service,66802,12939.31,15566.31,In Progress,,,2026-06-16
80,162,165,18,RO-1080,2025-04-09,General Repair,140357,15100.34,15962.51,Completed,2025-04-12,5.0,2026-06-16
81,206,31,11,RO-1081,2025-10-15,Scheduled Service,130225,2460.32,2402.17,Completed,2025-10-16,4.0,2026-06-16
82,192,75,15,RO-1082,2025-01-09,General Repair,79070,18155.91,19462.73,Completed,2025-01-09,3.0,2026-06-16
83,88,8,17,RO-1083,2025-07-28,General Repair,78104,17529.93,17097.88,Completed,2025-07-29,5.0,2026-06-16
84,246,84,17,RO-1084,2025-05-26,General Repair,50044,23580.04,26637.64,Completed,2025-05-27,5.0,2026-06-16
85,115,61,13,RO-1085,2026-05-31,Scheduled Service,69628,17169.57,21011.95,In Progress,,,2026-06-16
86,290,87,10,RO-1086,2025-10-06,Scheduled Service,47617,13501.14,14633.27,In Progress,,,2026-06-16
87,93,163,15,RO-1087,2026-06-11,Scheduled Service,130168,23245.68,22419.12,Completed,2026-06-13,5.0,2026-06-16
88,259,62,16,RO-1088,2026-03-31,General Repair,76628,8767.04,10860.95,Completed,2026-04-03,4.0,2026-06-16
89,94,104,12,RO-1089,2025-05-26,Scheduled Service,94789,16249.11,14888.47,Completed,2025-05-27,4.0,2026-06-16
90,65,195,10,RO-1090,2026-02-05,General Repair,104783,1520.46,1482.75,Completed,2026-02-08,3.0,2026-06-16
91,150,76,17,RO-1091,2026-05-10,Scheduled Service,7031,19336.3,22217.23,Completed,2026-05-11,3.0,2026-06-16
92,173,63,12,RO-1092,2025-01-15,Body Shop,93654,4590.83,5707.0,Completed,2025-01-17,4.0,2026-06-16
93,227,152,16,RO-1093,2025-09-27,Scheduled Service,94151,7545.26,7036.14,Completed,2025-09-27,2.0,2026-06-16
94,1,86,11,RO-1094,2025-09-26,Warranty,36989,11350.89,10244.13,Completed,2025-09-28,4.0,2026-06-16
95,187,89,13,RO-1095,2025-05-20,General Repair,51995,13179.44,12053.29,Completed,2025-05-20,5.0,2026-06-16
96,16,172,18,RO-1096,2026-01-02,Scheduled Service,84671,4621.15,4797.45,Completed,2026-01-04,4.0,2026-06-16
97,186,110,15,RO-1097,2026-04-02,General Repair,108436,22609.58,25575.9,Completed,2026-04-02,4.0,2026-06-16
98,77,134,17,RO-1098,2025-08-03,Scheduled Service,68673,14660.5,15424.24,Completed,2025-08-05,4.0,2026-06-16
99,11,152,15,RO-1099,2025-01-08,Scheduled Service,59584,11153.44,11537.0,Completed,2025-01-09,4.0,2026-06-16
100,211,87,17,RO-1100,2026-05-20,Scheduled Service,95471,23632.12,23956.29,Open,,,2026-06-16
101,101,24,14,RO-1101,2025-11-13,General Repair,103647,8191.94,9104.8,Completed,2025-11-15,4.0,2026-06-16
102,20,196,18,RO-1102,2026-05-17,Scheduled Service,149420,14696.71,17226.22,Open,,,2026-06-16
103,150,181,13,RO-1103,2025-04-16,Body Shop,49776,8960.12,7695.98,Open,,,2026-06-16
104,185,82,16,RO-1104,2025-05-24,Warranty,100583,8869.61,8181.35,Open,,,2026-06-16
105,113,27,18,RO-1105,2025-04-10,Scheduled Service,97750,1802.46,2003.7,Completed,2025-04-11,4.0,2026-06-16
106,293,122,11,RO-1106,2025-10-24,Warranty,81862,21753.44,22827.22,Completed,2025-10-26,3.0,2026-06-16
107,102,195,10,RO-1107,2025-07-27,Scheduled Service,17345,17629.55,16062.85,Completed,2025-07-28,5.0,2026-06-16
108,290,2,19,RO-1108,2026-01-17,Scheduled Service,84565,9603.8,11178.54,Completed,2026-01-20,5.0,2026-06-16
109,274,106,14,RO-1109,2025-12-27,General Repair,149430,7566.84,7617.23,In Progress,,,2026-06-16
110,224,96,11,RO-1110,2025-04-24,General Repair,99295,17814.8,17541.05,Completed,2025-04-25,5.0,2026-06-16
111,286,138,18,RO-1111,2026-06-14,Scheduled Service,46328,8431.16,8019.44,Completed,2026-06-14,4.0,2026-06-16
112,124,20,18,RO-1112,2025-10-27,Scheduled Service,143113,9885.92,11875.37,Completed,2025-10-29,5.0,2026-06-16
113,24,7,16,RO-1113,2025-08-25,General Repair,148357,10372.72,10832.9,Completed,2025-08-25,5.0,2026-06-16
114,81,104,18,RO-1114,2026-01-20,General Repair,41203,15096.76,17447.34,Completed,2026-01-22,4.0,2026-06-16
115,55,115,15,RO-1115,2025-09-30,General Repair,55828,9364.2,9963.32,Completed,2025-09-30,2.0,2026-06-16
116,25,37,11,RO-1116,2026-04-30,Scheduled Service,71670,21753.61,20835.18,Completed,2026-04-30,4.0,2026-06-16
117,259,167,15,RO-1117,2025-02-17,Scheduled Service,14344,5705.51,5456.06,Completed,2025-02-20,2.0,2026-06-16
118,183,142,11,RO-1118,2025-12-15,Scheduled Service,144780,22104.11,21688.29,Completed,2025-12-18,4.0,2026-06-16
119,60,129,16,RO-1119,2025-07-07,Scheduled Service,104007,10339.79,8904.66,Open,,,2026-06-16
120,213,131,17,RO-1120,2025-06-04,Scheduled Service,127605,9918.68,9803.03,Completed,2025-06-04,5.0,2026-06-16
121,283,160,17,RO-1121,2025-11-22,General Repair,41717,11504.02,13652.4,Completed,2025-11-25,5.0,2026-06-16
122,93,16,12,RO-1122,2025-06-09,Scheduled Service,66471,9221.82,10338.7,Completed,2025-06-09,5.0,2026-06-16
123,145,94,14,RO-1123,2025-12-20,General Repair,14243,21311.08,25342.4,In Progress,,,2026-06-16
124,298,155,16,RO-1124,2025-08-14,Scheduled Service,70447,22545.23,19555.26,Completed,2025-08-14,3.0,2026-06-16
125,76,56,14,RO-1125,2025-05-15,General Repair,2637,10417.22,12248.56,Completed,2025-05-18,4.0,2026-06-16
126,63,156,10,RO-1126,2025-07-16,Recall,46370,17467.25,18517.73,Completed,2025-07-17,5.0,2026-06-16
127,264,87,14,RO-1127,2025-06-27,Scheduled Service,97406,22656.86,25902.57,Completed,2025-06-28,1.0,2026-06-16
128,251,171,13,RO-1128,2026-06-10,Scheduled Service,127762,13673.79,12635.36,Completed,2026-06-10,5.0,2026-06-16
129,257,162,13,RO-1129,2025-04-22,Scheduled Service,105377,4107.22,3768.7,In Progress,,,2026-06-16
130,181,10,11,RO-1130,2025-03-06,Recall,122962,8843.31,7941.99,Cancelled,,,2026-06-16
131,59,139,17,RO-1131,2025-03-06,Scheduled Service,29262,17648.52,22029.27,In Progress,,,2026-06-16
132,4,190,14,RO-1132,2025-12-17,Scheduled Service,135707,23563.62,25897.1,Open,,,2026-06-16
133,189,160,14,RO-1133,2025-12-03,Scheduled Service,83498,14205.35,17531.54,Completed,2025-12-06,3.0,2026-06-16
134,200,88,16,RO-1134,2025-12-05,Scheduled Service,114500,2940.75,2872.99,Completed,2025-12-07,3.0,2026-06-16
135,32,93,11,RO-1135,2025-06-30,Scheduled Service,138743,13277.22,13566.09,Completed,2025-06-30,4.0,2026-06-16
136,165,119,13,RO-1136,2025-06-11,General Repair,82944,13743.18,12767.75,Completed,2025-06-14,3.0,2026-06-16
137,251,109,19,RO-1137,2025-08-20,General Repair,98245,5520.51,6341.28,Completed,2025-08-23,4.0,2026-06-16
138,95,175,11,RO-1138,2025-03-09,General Repair,45564,11966.15,14443.05,Completed,2025-03-09,5.0,2026-06-16
139,7,13,16,RO-1139,2025-10-27,Warranty,118390,4326.54,4051.96,Completed,2025-10-27,4.0,2026-06-16
140,276,23,15,RO-1140,2025-07-17,Scheduled Service,47683,13304.78,12214.99,Completed,2025-07-19,5.0,2026-06-16
141,40,45,15,RO-1141,2025-11-18,Scheduled Service,149377,8384.17,7413.66,Completed,2025-11-20,4.0,2026-06-16
142,130,26,10,RO-1142,2026-05-29,General Repair,55225,20793.48,25581.62,Completed,2026-05-29,5.0,2026-06-16
143,189,102,11,RO-1143,2026-01-24,Scheduled Service,101401,15945.91,16447.02,In Progress,,,2026-06-16
144,37,168,14,RO-1144,2025-06-05,General Repair,42576,1504.13,1859.81,Open,,,2026-06-16
145,29,119,11,RO-1145,2025-03-07,Scheduled Service,78811,21197.55,24213.4,Completed,2025-03-08,2.0,2026-06-16
146,233,182,17,RO-1146,2026-01-10,General Repair,39456,10885.02,12596.82,Completed,2026-01-10,3.0,2026-06-16
147,120,164,17,RO-1147,2025-09-29,Recall,144827,10453.91,10331.25,Completed,2025-09-30,4.0,2026-06-16
148,208,80,12,RO-1148,2025-06-07,Scheduled Service,44726,13792.01,11858.26,Completed,2025-06-08,2.0,2026-06-16
149,124,72,10,RO-1149,2026-05-19,General Repair,68362,9989.22,10485.19,Completed,2026-05-20,4.0,2026-06-16
150,10,129,10,RO-1150,2025-01-10,Scheduled Service,21892,21143.67,22016.73,Cancelled,,,2026-06-16
151,29,32,16,RO-1151,2026-05-27,General Repair,73453,10097.63,9969.95,In Progress,,,2026-06-16
152,232,4,11,RO-1152,2025-12-18,Scheduled Service,69185,12022.14,13962.5,In Progress,,,2026-06-16
153,2,107,18,RO-1153,2025-07-13,Scheduled Service,105206,17675.8,16713.41,Completed,2025-07-16,5.0,2026-06-16
154,268,174,12,RO-1154,2025-07-02,Scheduled Service,129437,3478.07,3948.63,Completed,2025-07-05,5.0,2026-06-16
155,189,160,10,RO-1155,2026-03-05,General Repair,120754,17648.24,18719.75,Completed,2026-03-06,4.0,2026-06-16
156,102,87,17,RO-1156,2025-01-02,Scheduled Service,24476,13306.56,12606.62,Completed,2025-01-03,5.0,2026-06-16
157,220,108,18,RO-1157,2025-07-14,General Repair,97101,7352.28,8774.7,Completed,2025-07-14,4.0,2026-06-16
158,9,22,11,RO-1158,2025-06-12,Scheduled Service,102766,7339.36,6594.75,Completed,2025-06-13,5.0,2026-06-16
159,50,72,10,RO-1159,2025-08-17,Scheduled Service,147904,20842.32,18740.55,Completed,2025-08-20,5.0,2026-06-16
160,270,162,16,RO-1160,2025-01-29,General Repair,25652,18950.75,20504.43,Completed,2025-01-29,5.0,2026-06-16
161,20,87,10,RO-1161,2025-06-30,Scheduled Service,35933,5818.69,7044.72,Completed,2025-07-01,4.0,2026-06-16
162,33,114,12,RO-1162,2025-02-17,Warranty,30800,3243.85,3296.94,Cancelled,,,2026-06-16
163,12,146,10,RO-1163,2025-06-22,General Repair,58076,5970.42,6675.81,Completed,2025-06-25,2.0,2026-06-16
164,197,77,17,RO-1164,2026-02-14,Scheduled Service,102654,1952.36,2136.47,Completed,2026-02-16,1.0,2026-06-16
165,186,59,13,RO-1165,2025-01-01,General Repair,108079,22162.31,26863.37,Cancelled,,,2026-06-16
166,279,119,14,RO-1166,2025-08-29,Scheduled Service,52666,24936.67,26324.45,Completed,2025-08-31,4.0,2026-06-16
167,14,103,18,RO-1167,2025-04-20,Scheduled Service,30449,19392.58,18606.08,Completed,2025-04-22,3.0,2026-06-16
168,183,157,10,RO-1168,2025-10-06,Scheduled Service,148171,13880.11,15451.47,Completed,2025-10-09,3.0,2026-06-16
169,181,38,11,RO-1169,2026-05-23,Scheduled Service,134853,10787.48,11371.85,Completed,2026-05-23,4.0,2026-06-16
170,266,60,19,RO-1170,2025-12-05,Warranty,136972,12796.95,13888.98,Completed,2025-12-05,4.0,2026-06-16
171,182,4,18,RO-1171,2025-03-14,General Repair,109958,3666.16,3593.05,Completed,2025-03-14,3.0,2026-06-16
172,108,22,10,RO-1172,2025-11-25,Body Shop,146637,5494.4,5295.54,Open,,,2026-06-16
173,105,156,16,RO-1173,2026-01-13,Scheduled Service,134416,21371.72,24693.01,Completed,2026-01-14,5.0,2026-06-16
174,200,181,10,RO-1174,2025-02-04,General Repair,8502,6348.44,7871.78,In Progress,,,2026-06-16
175,141,32,19,RO-1175,2025-08-24,Scheduled Service,40319,20586.09,20593.47,Completed,2025-08-25,5.0,2026-06-16
176,15,146,13,RO-1176,2025-11-08,Scheduled Service,18238,19122.56,23841.81,Completed,2025-11-08,2.0,2026-06-16
177,78,24,19,RO-1177,2025-08-02,Scheduled Service,114109,7480.46,8547.31,In Progress,,,2026-06-16
178,290,137,17,RO-1178,2026-04-05,Scheduled Service,87009,19833.05,20369.62,Completed,2026-04-05,2.0,2026-06-16
179,261,173,10,RO-1179,2025-06-10,General Repair,131656,14228.56,13614.53,Open,,,2026-06-16
180,184,192,18,RO-1180,2025-08-12,General Repair,46125,7437.42,7324.73,Completed,2025-08-14,1.0,2026-06-16
181,3,191,18,RO-1181,2026-04-08,General Repair,127522,11462.91,11837.39,Completed,2026-04-10,3.0,2026-06-16
182,33,141,14,RO-1182,2025-10-16,Scheduled Service,34828,3260.29,3002.07,Cancelled,,,2026-06-16
183,232,101,16,RO-1183,2026-04-01,Scheduled Service,135806,4050.87,3792.57,Cancelled,,,2026-06-16
184,11,180,16,RO-1184,2025-06-08,Warranty,149345,21462.14,26425.96,Completed,2025-06-10,4.0,2026-06-16
185,72,1,13,RO-1185,2025-05-12,Scheduled Service,56890,8859.31,9204.68,Completed,2025-05-14,5.0,2026-06-16
186,178,9,14,RO-1186,2025-11-29,General Repair,24844,9795.15,9015.64,Open,,,2026-06-16
187,79,99,11,RO-1187,2026-05-15,Scheduled Service,59991,11619.89,12458.3,Completed,2026-05-16,3.0,2026-06-16
188,247,94,18,RO-1188,2025-09-20,General Repair,10690,14626.71,16702.95,Completed,2025-09-22,4.0,2026-06-16
189,86,193,13,RO-1189,2025-07-31,Body Shop,16658,8804.8,10656.62,Completed,2025-08-01,4.0,2026-06-16
190,45,64,13,RO-1190,2025-05-12,Body Shop,70683,9626.67,10619.12,Completed,2025-05-13,5.0,2026-06-16
191,117,163,14,RO-1191,2025-04-19,Recall,125837,15250.6,13127.4,Completed,2025-04-22,5.0,2026-06-16
192,107,55,13,RO-1192,2025-11-06,Scheduled Service,84023,1850.73,2113.89,Completed,2025-11-06,5.0,2026-06-16
193,81,168,10,RO-1193,2025-02-28,Scheduled Service,119379,18448.48,17198.15,Completed,2025-03-03,5.0,2026-06-16
194,144,42,12,RO-1194,2026-03-02,General Repair,50053,19978.76,21428.0,In Progress,,,2026-06-16
195,230,9,14,RO-1195,2025-05-27,General Repair,123394,23803.77,23342.07,Completed,2025-05-28,5.0,2026-06-16
196,289,67,17,RO-1196,2025-09-07,Scheduled Service,128367,10766.04,12985.79,In Progress,,,2026-06-16
197,238,153,18,RO-1197,2025-10-08,Body Shop,114935,13777.33,16257.47,Completed,2025-10-11,4.0,2026-06-16
198,145,90,12,RO-1198,2026-06-14,Scheduled Service,138375,11596.41,11798.22,Completed,2026-06-15,4.0,2026-06-16
199,240,33,15,RO-1199,2025-01-15,Scheduled Service,142773,5985.11,5336.33,Cancelled,,,2026-06-16
200,231,106,11,RO-1200,2026-03-12,Body Shop,56667,23695.02,23113.62,Completed,2026-03-14,3.0,2026-06-16
201,276,7,17,RO-1201,2025-08-31,Scheduled Service,12735,9384.1,9549.37,Completed,2025-08-31,4.0,2026-06-16
202,216,166,12,RO-1202,2025-09-10,Scheduled Service,6962,23249.19,20150.36,Completed,2025-09-13,3.0,2026-06-16
203,87,92,18,RO-1203,2025-05-16,General Repair,111887,20855.55,17879.85,Completed,2025-05-19,4.0,2026-06-16
204,192,135,18,RO-1204,2026-06-01,Scheduled Service,117842,9722.75,9469.71,In Progress,,,2026-06-16
205,17,30,17,RO-1205,2025-06-28,Warranty,108501,21692.5,25978.33,Completed,2025-06-28,5.0,2026-06-16
206,135,82,18,RO-1206,2025-07-01,General Repair,18582,15479.28,14105.16,Completed,2025-07-01,4.0,2026-06-16
207,49,52,14,RO-1207,2025-10-27,General Repair,68559,9911.5,10339.45,Completed,2025-10-27,4.0,2026-06-16
208,156,193,16,RO-1208,2026-01-10,Warranty,92919,15257.46,17415.75,Completed,2026-01-10,1.0,2026-06-16
209,209,55,17,RO-1209,2025-04-10,Scheduled Service,103653,11756.95,12827.03,Completed,2025-04-12,3.0,2026-06-16
210,93,14,11,RO-1210,2026-01-26,Body Shop,114237,4243.95,4488.02,Completed,2026-01-28,5.0,2026-06-16
211,34,167,12,RO-1211,2026-04-15,General Repair,113538,19409.72,23903.48,Completed,2026-04-17,4.0,2026-06-16
212,167,46,14,RO-1212,2026-06-02,Scheduled Service,80580,18911.83,18004.37,Completed,2026-06-03,5.0,2026-06-16
213,285,149,17,RO-1213,2025-07-25,Scheduled Service,115780,1841.97,1863.44,Completed,2025-07-27,5.0,2026-06-16
214,260,138,11,RO-1214,2025-07-22,Scheduled Service,64630,14098.52,17312.01,Completed,2025-07-22,2.0,2026-06-16
215,283,40,19,RO-1215,2025-12-26,Scheduled Service,96404,23842.73,28203.67,Completed,2025-12-28,2.0,2026-06-16
216,10,65,12,RO-1216,2025-10-13,General Repair,99069,17652.36,16514.65,Completed,2025-10-16,5.0,2026-06-16
217,6,187,17,RO-1217,2025-01-08,Warranty,129930,3526.73,3952.37,Completed,2025-01-08,1.0,2026-06-16
218,138,14,12,RO-1218,2025-08-05,Scheduled Service,114517,16089.1,16219.19,Completed,2025-08-05,4.0,2026-06-16
219,150,94,10,RO-1219,2025-07-27,General Repair,105742,13437.62,15696.61,Completed,2025-07-27,4.0,2026-06-16
220,217,189,19,RO-1220,2025-08-18,Scheduled Service,74125,20476.62,17450.62,Cancelled,,,2026-06-16
221,126,7,14,RO-1221,2025-12-07,Scheduled Service,32144,21249.14,26047.56,Completed,2025-12-10,4.0,2026-06-16
222,260,79,14,RO-1222,2025-03-09,General Repair,96508,6336.56,7825.91,In Progress,,,2026-06-16
223,2,182,14,RO-1223,2026-02-14,Scheduled Service,40854,13361.46,13719.65,Completed,2026-02-14,4.0,2026-06-16
224,117,143,17,RO-1224,2026-06-11,Scheduled Service,17186,5400.3,5345.77,Completed,2026-06-13,4.0,2026-06-16
225,286,121,16,RO-1225,2025-01-02,Scheduled Service,103671,5495.89,5881.09,Completed,2025-01-03,5.0,2026-06-16
226,209,35,18,RO-1226,2025-08-20,General Repair,98529,3642.79,4464.44,Completed,2025-08-21,4.0,2026-06-16
227,206,19,10,RO-1227,2025-06-02,Scheduled Service,22236,10337.77,12618.63,Completed,2025-06-03,5.0,2026-06-16
228,41,170,18,RO-1228,2025-03-16,Body Shop,129266,15082.65,17060.38,Cancelled,,,2026-06-16
229,37,87,11,RO-1229,2025-07-27,General Repair,68906,18889.4,18602.7,Open,,,2026-06-16
230,232,66,18,RO-1230,2025-03-29,Warranty,18387,22617.51,21664.27,Open,,,2026-06-16
231,103,173,13,RO-1231,2025-07-24,General Repair,133249,5728.96,5975.16,Completed,2025-07-24,3.0,2026-06-16
232,179,42,11,RO-1232,2026-03-08,General Repair,121644,16843.83,17872.82,Completed,2026-03-11,3.0,2026-06-16
233,156,125,11,RO-1233,2025-05-17,Scheduled Service,126142,23139.07,26281.72,Completed,2025-05-18,4.0,2026-06-16
234,232,124,19,RO-1234,2026-04-16,Scheduled Service,73221,18908.02,23341.43,Completed,2026-04-16,5.0,2026-06-16
235,191,121,10,RO-1235,2026-03-03,Warranty,148200,5839.82,7147.44,Cancelled,,,2026-06-16
236,252,32,10,RO-1236,2025-04-26,Scheduled Service,148746,24293.41,22663.96,Completed,2025-04-29,4.0,2026-06-16
237,163,119,16,RO-1237,2026-04-22,Scheduled Service,82987,8429.33,9841.16,In Progress,,,2026-06-16
238,263,68,11,RO-1238,2025-10-22,Scheduled Service,2608,3877.78,4038.6,Completed,2025-10-22,4.0,2026-06-16
239,284,105,15,RO-1239,2026-06-05,General Repair,34596,20242.53,20491.74,Completed,2026-06-07,4.0,2026-06-16
240,108,142,17,RO-1240,2025-07-02,Scheduled Service,116983,6049.59,5935.03,Completed,2025-07-05,5.0,2026-06-16
241,277,133,16,RO-1241,2026-06-15,Scheduled Service,45534,20789.99,24293.41,Completed,2026-06-15,3.0,2026-06-16
242,43,21,14,RO-1242,2026-03-31,Scheduled Service,29177,15251.55,13481.83,Open,,,2026-06-16
243,259,153,11,RO-1243,2025-01-16,Scheduled Service,111569,20399.45,20859.81,Completed,2025-01-18,3.0,2026-06-16
244,53,154,11,RO-1244,2026-03-31,Warranty,108221,5265.58,4490.77,Completed,2026-04-02,2.0,2026-06-16
245,207,18,15,RO-1245,2025-08-18,Scheduled Service,62105,21906.04,21125.59,Open,,,2026-06-16
246,79,117,19,RO-1246,2026-02-24,Scheduled Service,15738,15854.83,15889.99,Completed,2026-02-24,5.0,2026-06-16
247,247,150,13,RO-1247,2026-02-27,Scheduled Service,34193,15397.26,16734.25,Completed,2026-03-02,4.0,2026-06-16
248,93,135,15,RO-1248,2026-05-10,Scheduled Service,28928,21063.01,25983.11,Completed,2026-05-10,4.0,2026-06-16
249,177,187,18,RO-1249,2025-04-29,Scheduled Service,146354,14866.28,15945.63,Completed,2025-04-29,3.0,2026-06-16
250,194,141,14,RO-1250,2025-03-25,Scheduled Service,4061,7296.77,7232.78,Completed,2025-03-26,4.0,2026-06-16
251,238,52,10,RO-1251,2025-12-31,Scheduled Service,89356,9203.6,8694.36,Open,,,2026-06-16
252,145,146,16,RO-1252,2026-01-16,Scheduled Service,96404,12416.37,12763.61,Completed,2026-01-17,5.0,2026-06-16
253,103,96,14,RO-1253,2025-09-13,General Repair,90686,4748.4,5513.18,Open,,,2026-06-16
254,84,23,18,RO-1254,2026-01-22,General Repair,82054,3507.97,3717.45,Completed,2026-01-23,2.0,2026-06-16
255,235,184,17,RO-1255,2025-04-24,Body Shop,53290,8979.06,8831.32,In Progress,,,2026-06-16
256,238,127,18,RO-1256,2025-07-10,Scheduled Service,25089,21801.57,20797.68,Completed,2025-07-11,2.0,2026-06-16
257,67,196,16,RO-1257,2026-04-02,Scheduled Service,66094,3279.14,3532.91,Completed,2026-04-04,4.0,2026-06-16
258,179,65,11,RO-1258,2026-02-16,Scheduled Service,38204,20747.79,23385.17,Completed,2026-02-19,3.0,2026-06-16
259,65,174,15,RO-1259,2025-09-13,Scheduled Service,121773,18964.17,20201.1,Completed,2025-09-16,4.0,2026-06-16
260,103,74,10,RO-1260,2026-03-27,Warranty,53192,9957.29,11112.43,Cancelled,,,2026-06-16
261,191,161,17,RO-1261,2025-09-11,Scheduled Service,69806,15293.98,18342.36,In Progress,,,2026-06-16
262,200,55,11,RO-1262,2025-07-19,Scheduled Service,32381,18883.65,21706.75,Open,,,2026-06-16
263,219,64,11,RO-1263,2025-12-17,General Repair,82752,19761.82,17294.82,Cancelled,,,2026-06-16
264,163,54,19,RO-1264,2025-10-28,Scheduled Service,20002,2557.17,3146.55,Completed,2025-10-31,4.0,2026-06-16
265,50,99,16,RO-1265,2025-11-12,Scheduled Service,110203,9596.38,8333.0,In Progress,,,2026-06-16
266,264,22,19,RO-1266,2025-07-10,Scheduled Service,40627,8662.21,8500.51,Completed,2025-07-11,3.0,2026-06-16
267,189,47,18,RO-1267,2025-07-10,Scheduled Service,5432,19391.88,23727.55,Open,,,2026-06-16
268,275,52,12,RO-1268,2025-03-25,Scheduled Service,96830,16223.36,19535.86,Open,,,2026-06-16
269,186,58,19,RO-1269,2025-06-12,General Repair,56192,22840.74,24082.16,In Progress,,,2026-06-16
270,168,113,14,RO-1270,2026-03-10,General Repair,134264,12032.07,12293.17,Completed,2026-03-11,5.0,2026-06-16
271,94,34,18,RO-1271,2026-02-27,Scheduled Service,76970,6626.47,6998.36,Open,,,2026-06-16
272,15,66,19,RO-1272,2025-03-25,Body Shop,98172,2072.55,1802.27,Completed,2025-03-27,5.0,2026-06-16
273,276,173,16,RO-1273,2026-03-22,Scheduled Service,57359,3388.83,3411.19,Open,,,2026-06-16
274,103,41,13,RO-1274,2026-03-10,Scheduled Service,31715,18103.71,16500.82,Completed,2026-03-13,5.0,2026-06-16
275,224,99,18,RO-1275,2025-10-09,Scheduled Service,2907,4048.76,3949.01,Cancelled,,,2026-06-16
276,124,71,11,RO-1276,2025-09-24,Scheduled Service,136450,10993.33,11937.1,Completed,2025-09-27,3.0,2026-06-16
277,59,154,13,RO-1277,2025-10-14,Scheduled Service,93399,15902.74,19205.43,Completed,2025-10-15,4.0,2026-06-16
278,64,173,15,RO-1278,2025-11-21,General Repair,132704,23941.3,23735.79,Completed,2025-11-21,5.0,2026-06-16
279,58,11,16,RO-1279,2025-04-17,Scheduled Service,64677,1872.94,1789.33,Completed,2025-04-19,2.0,2026-06-16
280,154,173,13,RO-1280,2025-04-22,Scheduled Service,35446,12878.5,11825.91,Completed,2025-04-24,3.0,2026-06-16
281,222,11,12,RO-1281,2025-10-16,Scheduled Service,99503,7080.01,6762.81,Open,,,2026-06-16
282,263,57,10,RO-1282,2025-11-26,General Repair,71104,20368.93,24699.36,Completed,2025-11-27,4.0,2026-06-16
283,107,90,13,RO-1283,2025-03-04,General Repair,35925,21097.96,18299.89,Completed,2025-03-05,4.0,2026-06-16
284,39,15,18,RO-1284,2025-07-28,Scheduled Service,57429,12260.97,12865.5,Completed,2025-07-29,3.0,2026-06-16
285,82,141,17,RO-1285,2026-01-18,Scheduled Service,130801,1945.15,2137.89,Open,,,2026-06-16
286,272,109,19,RO-1286,2025-11-03,Scheduled Service,59288,13893.44,12240.12,Completed,2025-11-05,5.0,2026-06-16
287,35,168,14,RO-1287,2025-05-18,Scheduled Service,107130,2355.58,2814.09,Completed,2025-05-21,5.0,2026-06-16
288,117,143,16,RO-1288,2025-05-22,Body Shop,122723,7438.42,7475.37,In Progress,,,2026-06-16
289,132,128,19,RO-1289,2025-05-14,General Repair,82558,11851.82,14620.56,Completed,2025-05-14,3.0,2026-06-16
290,143,99,15,RO-1290,2025-03-15,Body Shop,51456,11868.81,14423.95,Open,,,2026-06-16
291,104,78,19,RO-1291,2026-06-04,Scheduled Service,45250,7530.11,8988.04,In Progress,,,2026-06-16
292,177,77,18,RO-1292,2026-05-22,General Repair,132308,8336.84,7808.16,Completed,2026-05-25,4.0,2026-06-16
293,245,60,14,RO-1293,2025-07-02,Scheduled Service,144944,13961.11,15204.25,Open,,,2026-06-16
294,115,6,13,RO-1294,2025-08-05,General Repair,124934,21528.75,22703.45,Open,,,2026-06-16
295,24,170,17,RO-1295,2025-03-04,Scheduled Service,17951,15313.59,15826.61,Open,,,2026-06-16
296,236,66,13,RO-1296,2025-05-02,General Repair,135572,23232.24,21075.33,Completed,2025-05-02,5.0,2026-06-16
297,163,107,10,RO-1297,2025-12-21,Body Shop,141488,23992.79,28500.43,Completed,2025-12-21,4.0,2026-06-16
298,79,21,11,RO-1298,2025-03-28,Scheduled Service,140473,10723.19,9211.84,Completed,2025-03-29,3.0,2026-06-16
299,189,81,16,RO-1299,2025-04-16,Scheduled Service,99605,17408.93,17139.59,Completed,2025-04-17,3.0,2026-06-16
300,69,143,10,RO-1300,2025-09-16,Scheduled Service,133923,4045.41,4341.62,Completed,2025-09-18,5.0,2026-06-16
301,145,162,16,RO-1301,2025-07-22,General Repair,115990,6949.25,7736.07,Completed,2025-07-22,5.0,2026-06-16
302,39,153,18,RO-1302,2025-07-11,Scheduled Service,14936,19750.93,17923.4,Completed,2025-07-14,3.0,2026-06-16
303,5,125,15,RO-1303,2026-06-12,General Repair,27865,18955.66,17334.56,Completed,2026-06-13,4.0,2026-06-16
304,293,200,19,RO-1304,2025-01-05,General Repair,129937,24654.55,24301.18,Open,,,2026-06-16
305,188,43,14,RO-1305,2025-02-02,Body Shop,18574,18007.75,19039.08,Completed,2025-02-03,4.0,2026-06-16
306,238,39,14,RO-1306,2025-09-24,Scheduled Service,94386,2744.21,3248.81,In Progress,,,2026-06-16
307,184,67,16,RO-1307,2025-12-21,General Repair,135736,5672.41,6241.84,Completed,2025-12-23,4.0,2026-06-16
308,184,92,17,RO-1308,2025-04-15,Warranty,105671,9539.1,10046.48,Completed,2025-04-18,4.0,2026-06-16
309,152,164,15,RO-1309,2025-08-29,Scheduled Service,113343,5694.6,6784.04,Completed,2025-09-01,4.0,2026-06-16
310,91,5,18,RO-1310,2025-12-12,Scheduled Service,51755,24706.72,27200.02,Completed,2025-12-13,4.0,2026-06-16
311,26,4,17,RO-1311,2026-04-26,General Repair,4745,6725.02,5957.32,Cancelled,,,2026-06-16
312,69,19,15,RO-1312,2026-06-05,Warranty,26408,9713.74,9042.68,Completed,2026-06-07,3.0,2026-06-16
313,232,161,17,RO-1313,2026-04-16,Scheduled Service,101334,7675.82,9441.17,Completed,2026-04-19,4.0,2026-06-16
314,199,38,16,RO-1314,2026-05-16,General Repair,115261,11560.86,14322.61,Cancelled,,,2026-06-16
315,57,148,13,RO-1315,2025-09-19,Scheduled Service,122723,3889.34,4323.38,Completed,2025-09-20,4.0,2026-06-16
316,96,90,16,RO-1316,2026-02-21,General Repair,128245,16334.52,16018.34,Completed,2026-02-24,5.0,2026-06-16
317,93,51,12,RO-1317,2025-12-07,General Repair,38087,18771.67,18848.85,Completed,2025-12-10,4.0,2026-06-16
318,29,96,11,RO-1318,2026-04-05,Body Shop,7168,17616.66,17800.03,Completed,2026-04-06,5.0,2026-06-16
319,57,39,19,RO-1319,2025-09-28,Warranty,131277,21958.69,21481.5,Completed,2025-09-30,5.0,2026-06-16
320,116,64,19,RO-1320,2026-06-06,Scheduled Service,119280,12306.86,14913.87,Completed,2026-06-07,4.0,2026-06-16
321,272,89,15,RO-1321,2026-02-05,Scheduled Service,45523,22035.76,24372.93,Completed,2026-02-05,1.0,2026-06-16
322,276,79,17,RO-1322,2025-09-19,Body Shop,127863,4405.36,4674.41,Completed,2025-09-19,4.0,2026-06-16
323,249,143,18,RO-1323,2025-04-27,General Repair,51860,15469.98,16062.01,Completed,2025-04-28,5.0,2026-06-16
324,10,182,17,RO-1324,2025-07-08,General Repair,8352,6471.23,8041.11,Open,,,2026-06-16
325,166,176,16,RO-1325,2026-04-16,Warranty,10959,9265.25,8033.34,Completed,2026-04-18,4.0,2026-06-16
326,245,117,15,RO-1326,2026-05-25,Scheduled Service,141894,4848.78,5687.22,Completed,2026-05-28,4.0,2026-06-16
327,165,85,19,RO-1327,2026-03-19,Scheduled Service,20600,23547.57,28394.93,Completed,2026-03-20,3.0,2026-06-16
328,294,83,10,RO-1328,2025-02-19,Scheduled Service,40463,20218.97,25010.82,In Progress,,,2026-06-16
329,49,109,11,RO-1329,2026-04-07,General Repair,125785,10733.76,10947.73,Completed,2026-04-09,4.0,2026-06-16
330,181,157,19,RO-1330,2025-12-28,Recall,58138,5745.88,6596.07,Completed,2025-12-30,5.0,2026-06-16
331,69,30,14,RO-1331,2026-04-05,Scheduled Service,18821,13641.16,16675.24,Completed,2026-04-08,5.0,2026-06-16
332,190,90,10,RO-1332,2025-10-24,General Repair,135323,18234.37,18984.28,Completed,2025-10-26,2.0,2026-06-16
333,252,86,14,RO-1333,2025-01-11,General Repair,112637,14893.76,16362.0,Cancelled,,,2026-06-16
334,28,83,18,RO-1334,2025-08-23,General Repair,124431,22429.35,24025.33,Open,,,2026-06-16
335,123,145,12,RO-1335,2025-07-16,Scheduled Service,53961,20624.6,20745.93,In Progress,,,2026-06-16
336,287,98,16,RO-1336,2025-12-21,Warranty,138209,19050.36,21408.44,Completed,2025-12-22,5.0,2026-06-16
337,87,65,12,RO-1337,2025-06-21,General Repair,64167,6790.28,8003.45,In Progress,,,2026-06-16
338,263,26,10,RO-1338,2025-12-18,General Repair,81095,18781.74,18503.17,Open,,,2026-06-16
339,279,27,13,RO-1339,2025-02-24,Warranty,40256,22880.4,21320.11,Completed,2025-02-25,3.0,2026-06-16
340,169,84,16,RO-1340,2025-05-07,Scheduled Service,57627,9454.37,10326.88,Completed,2025-05-09,4.0,2026-06-16
341,193,161,14,RO-1341,2025-10-27,General Repair,16366,3952.01,3851.68,In Progress,,,2026-06-16
342,136,150,14,RO-1342,2026-05-28,Scheduled Service,132350,14203.27,12375.16,Completed,2026-05-28,5.0,2026-06-16
343,105,114,11,RO-1343,2025-08-22,Scheduled Service,65531,12724.53,11694.57,Completed,2025-08-23,5.0,2026-06-16
344,139,44,15,RO-1344,2025-05-31,Recall,89570,8089.11,7346.63,In Progress,,,2026-06-16
345,179,84,16,RO-1345,2025-12-25,Scheduled Service,120959,8112.1,10130.56,Completed,2025-12-25,5.0,2026-06-16
346,225,182,17,RO-1346,2025-05-19,Scheduled Service,126416,20715.95,25882.96,In Progress,,,2026-06-16
347,223,121,10,RO-1347,2025-11-03,Scheduled Service,59221,14695.58,12936.29,In Progress,,,2026-06-16
348,77,148,10,RO-1348,2026-04-12,General Repair,6381,7251.74,9056.98,Completed,2026-04-14,3.0,2026-06-16
349,62,114,12,RO-1349,2026-04-04,Body Shop,25351,3720.61,3547.55,Completed,2026-04-07,4.0,2026-06-16
350,31,190,19,RO-1350,2026-04-01,Scheduled Service,126790,18527.19,20015.79,Completed,2026-04-01,5.0,2026-06-16
351,4,186,18,RO-1351,2026-04-20,Scheduled Service,19559,20979.14,17965.41,Open,,,2026-06-16
352,103,73,10,RO-1352,2025-01-23,Scheduled Service,9910,23403.63,20324.39,Completed,2025-01-26,5.0,2026-06-16
353,160,1,16,RO-1353,2025-08-05,Scheduled Service,31997,5461.07,4891.73,Completed,2025-08-07,2.0,2026-06-16
354,95,193,16,RO-1354,2026-04-28,Scheduled Service,39026,2700.06,3290.64,Completed,2026-05-01,3.0,2026-06-16
355,64,106,11,RO-1355,2026-02-07,Scheduled Service,125256,23490.58,25795.09,Completed,2026-02-10,4.0,2026-06-16
356,83,97,11,RO-1356,2025-07-28,Scheduled Service,66895,11540.37,11558.27,Completed,2025-07-30,5.0,2026-06-16
357,242,85,18,RO-1357,2025-05-03,Scheduled Service,67178,17563.93,16891.5,Completed,2025-05-06,5.0,2026-06-16
358,188,86,15,RO-1358,2025-10-25,Scheduled Service,67184,11072.94,12831.17,Completed,2025-10-26,4.0,2026-06-16
359,91,129,11,RO-1359,2025-04-02,Scheduled Service,45223,5377.16,4718.35,Completed,2025-04-02,5.0,2026-06-16
360,209,69,16,RO-1360,2025-06-16,General Repair,22856,13284.39,12821.88,Completed,2025-06-16,4.0,2026-06-16
361,271,159,13,RO-1361,2025-12-31,Scheduled Service,95792,15640.39,13865.02,In Progress,,,2026-06-16
362,27,151,13,RO-1362,2025-12-20,General Repair,71257,12772.42,12923.29,Completed,2025-12-20,3.0,2026-06-16
363,50,62,18,RO-1363,2025-10-03,Scheduled Service,22934,8482.93,9663.8,Completed,2025-10-05,4.0,2026-06-16
364,7,75,12,RO-1364,2025-05-10,Warranty,65789,9741.3,10115.97,Completed,2025-05-13,5.0,2026-06-16
365,46,17,16,RO-1365,2025-08-20,Warranty,55078,10433.09,10890.83,Completed,2025-08-23,3.0,2026-06-16
366,70,189,18,RO-1366,2025-01-04,Body Shop,43841,21284.72,25831.33,Completed,2025-01-07,4.0,2026-06-16
367,36,138,17,RO-1367,2025-01-08,Scheduled Service,66530,17935.16,20964.27,Completed,2025-01-11,4.0,2026-06-16
368,266,35,19,RO-1368,2025-02-06,Recall,3977,1921.63,1648.71,Completed,2025-02-07,3.0,2026-06-16
369,110,118,14,RO-1369,2025-01-18,Scheduled Service,120790,16702.78,18005.04,Completed,2025-01-20,5.0,2026-06-16
370,270,75,17,RO-1370,2026-04-23,Scheduled Service,148987,17621.31,18771.7,Open,,,2026-06-16
371,97,10,16,RO-1371,2026-04-18,General Repair,39753,7776.44,7723.42,Completed,2026-04-20,3.0,2026-06-16
372,183,163,16,RO-1372,2026-01-01,Scheduled Service,26274,14772.73,16286.34,Completed,2026-01-03,4.0,2026-06-16
373,32,25,17,RO-1373,2025-11-15,Warranty,147666,15151.32,13076.67,Completed,2025-11-18,4.0,2026-06-16
374,96,178,10,RO-1374,2026-05-24,Scheduled Service,26106,21637.51,21817.66,Cancelled,,,2026-06-16
375,83,12,13,RO-1375,2025-07-24,Scheduled Service,59489,14598.91,16743.84,Completed,2025-07-25,3.0,2026-06-16
376,197,87,10,RO-1376,2025-02-01,General Repair,2816,21787.04,22029.24,Completed,2025-02-02,5.0,2026-06-16
377,123,152,13,RO-1377,2025-08-06,General Repair,139452,15155.23,15781.86,Completed,2025-08-08,4.0,2026-06-16
378,85,139,11,RO-1378,2025-06-26,Warranty,50960,20316.25,19026.14,Completed,2025-06-26,5.0,2026-06-16
379,234,179,16,RO-1379,2025-02-18,Warranty,3694,1968.13,2235.73,In Progress,,,2026-06-16
380,46,89,14,RO-1380,2025-03-13,Scheduled Service,97193,12958.2,14924.08,Completed,2025-03-14,4.0,2026-06-16
381,82,26,15,RO-1381,2026-06-02,General Repair,69011,7299.94,6609.56,Completed,2026-06-03,1.0,2026-06-16
382,1,54,12,RO-1382,2025-09-20,Scheduled Service,19616,19124.57,23282.95,Completed,2025-09-20,5.0,2026-06-16
383,106,80,15,RO-1383,2026-05-21,Scheduled Service,105625,24352.99,20762.73,Open,,,2026-06-16
384,144,39,10,RO-1384,2025-06-12,Recall,51236,8563.48,8631.64,Completed,2025-06-15,3.0,2026-06-16
385,132,117,13,RO-1385,2025-01-11,General Repair,144772,17273.27,20839.99,Completed,2025-01-12,5.0,2026-06-16
386,146,143,17,RO-1386,2025-07-11,Scheduled Service,5433,23240.99,24665.43,Completed,2025-07-11,2.0,2026-06-16
387,293,11,19,RO-1387,2026-03-23,Body Shop,16489,10945.14,11295.67,Open,,,2026-06-16
388,40,194,13,RO-1388,2025-10-17,Scheduled Service,50923,13350.1,12696.91,Completed,2025-10-20,5.0,2026-06-16
389,163,27,19,RO-1389,2026-03-22,Scheduled Service,136638,6740.93,6236.82,In Progress,,,2026-06-16
390,275,23,19,RO-1390,2025-12-20,General Repair,148581,16350.98,14941.87,Cancelled,,,2026-06-16
391,280,125,13,RO-1391,2025-03-29,Scheduled Service,115761,13518.91,14057.97,Completed,2025-04-01,5.0,2026-06-16
392,221,46,11,RO-1392,2026-01-22,Recall,43286,14669.21,16772.2,Completed,2026-01-22,2.0,2026-06-16
393,290,37,14,RO-1393,2025-04-13,Scheduled Service,134234,24910.72,21559.02,Completed,2025-04-14,4.0,2026-06-16
394,56,154,18,RO-1394,2025-09-24,Scheduled Service,43541,17036.95,18840.92,Completed,2025-09-24,4.0,2026-06-16
395,112,197,13,RO-1395,2025-10-18,Scheduled Service,99433,17595.37,20796.46,Completed,2025-10-18,5.0,2026-06-16
396,248,64,17,RO-1396,2025-04-02,Scheduled Service,23980,7894.68,7931.06,Completed,2025-04-05,5.0,2026-06-16
397,278,3,14,RO-1397,2025-10-14,Body Shop,12479,15933.92,18777.95,Completed,2025-10-15,3.0,2026-06-16
398,237,156,13,RO-1398,2025-10-27,Scheduled Service,19202,11063.23,9683.81,Completed,2025-10-28,3.0,2026-06-16
399,147,26,19,RO-1399,2025-01-20,Scheduled Service,140583,5287.63,6053.33,Completed,2025-01-22,3.0,2026-06-16
400,176,161,19,RO-1400,2025-09-06,General Repair,41701,15210.73,13446.17,Completed,2025-09-06,4.0,2026-06-16
